tags,owner,is_answered,view_count,answer_count,score,last_activity_date,creation_date,last_edit_date,question_id,content_license,link,title,accepted_answer_id
"['amazon-web-services', 'amazon-ec2', 'amazon-dynamodb', 'pipeline', 'aws-data-pipeline']","{'account_id': 19710151, 'reputation': 209, 'user_id': 14430938, 'user_type': 'registered', 'profile_image': 'https://www.gravatar.com/avatar/5e5abd60958cac184dd25d59c716779f?s=256&d=identicon&r=PG&f=y&so-version=2', 'display_name': 'Zokulko', 'link': 'https://stackoverflow.com/users/14430938/zokulko'}",False,116,1,2,1693910827,1692982355,1693493240.0,76979147,CC BY-SA 4.0,https://stackoverflow.com/questions/76979147/aws-dynamodb-table-not-created-via-ec2-using-aws-pipeline-website-in-maintenan,AWS- DynamoDB table not created via EC2 using AWS pipeline (website in maintenance for DataPipeline service),
"['amazon-ec2', 'aws-data-pipeline']","{'account_id': 10372034, 'reputation': 1, 'user_id': 8505555, 'user_type': 'registered', 'profile_image': 'https://i.stack.imgur.com/WOXwF.png?s=256&g=1', 'display_name': 'whitekhoukha', 'link': 'https://stackoverflow.com/users/8505555/whitekhoukha'}",False,22,0,0,1680527023,1680527023,,75919791,CC BY-SA 4.0,https://stackoverflow.com/questions/75919791/aws-data-pipeline-no-policy-attached-to-the-role,AWS Data pipeline: No policy attached to the role,
"['mysql', 'amazon-rds', 'aws-glue', 'aws-data-pipeline']","{'account_id': 15388527, 'reputation': 1, 'user_id': 11101968, 'user_type': 'registered', 'profile_image': 'https://www.gravatar.com/avatar/e7ddebeb0de0a168cd5dc734f0f45093?s=256&d=identicon&r=PG&f=y&so-version=2', 'display_name': 'Xavier Janer', 'link': 'https://stackoverflow.com/users/11101968/xavier-janer'}",False,72,0,0,1680001018,1680001018,,75865363,CC BY-SA 4.0,https://stackoverflow.com/questions/75865363/migrate-an-aws-data-pipeline-incremental-copy-of-rds-table-to-redshift,Migrate an AWS Data Pipeline incremental copy of RDS table to Redshift,
"['amazon-web-services', 'pyspark', 'aws-lambda', 'aws-glue', 'aws-data-pipeline']","{'account_id': 28116151, 'reputation': 1, 'user_id': 21483235, 'user_type': 'registered', 'profile_image': 'https://www.gravatar.com/avatar/15e3cd6cd03db0f4c352b3bb4cf1231a?s=256&d=identicon&r=PG&f=y&so-version=2', 'display_name': 'techie2000', 'link': 'https://stackoverflow.com/users/21483235/techie2000'}",False,58,0,0,1679678969,1679678969,,75836649,CC BY-SA 4.0,https://stackoverflow.com/questions/75836649/how-to-migrate-an-aws-data-pipeline-job-that-calls-pg-dump-to-use-maybe-aws-glu,"How to migrate an AWS Data Pipeline job that calls pg_dump, to use maybe AWS Glue or Lambda instead?",
"['python', 'boto3', 'aws-cli', 'aws-data-pipeline']","{'account_id': 27649458, 'reputation': 1, 'user_id': 21104683, 'user_type': 'registered', 'profile_image': 'https://www.gravatar.com/avatar/3cdec3e780b7fa2d5ed47932de951056?s=256&d=identicon&r=PG', 'display_name': 'Ayushi', 'link': 'https://stackoverflow.com/users/21104683/ayushi'}",False,50,0,0,1674999885,1674999885,,75275374,CC BY-SA 4.0,https://stackoverflow.com/questions/75275374/finding-error-in-aws-data-pipeline-step-using-cli,Finding error in AWS Data Pipeline step using CLI,
"['amazon-web-services', 'airflow', 'aws-step-functions', 'orchestration', 'aws-data-pipeline']","{'account_id': 24524084, 'reputation': 11, 'user_id': 18436732, 'user_type': 'registered', 'profile_image': 'https://lh3.googleusercontent.com/a/AATXAJyFZ_zjGiDYhDdhQTAom0bzrnnk540KPDO7zQth=k-s256', 'display_name': 'Ayushi Bansal', 'link': 'https://stackoverflow.com/users/18436732/ayushi-bansal'}",False,27,0,0,1672148622,1672148622,,74930036,CC BY-SA 4.0,https://stackoverflow.com/questions/74930036/aws-datapipeline-shellcommandactivity-alternative,AWS DataPipeline ShellCommandActivity alternative,
"['aws-glue', 'aws-data-pipeline', 'aws-pipeline']","{'account_id': 26880209, 'reputation': 11, 'user_id': 20460776, 'user_type': 'registered', 'profile_image': 'https://lh3.googleusercontent.com/a/ALm5wu1rT0iVTxqozuFgpM6tyw4Uo-Q4hTjoav6jJsn-=k-s256', 'display_name': 'Rakesh Badal', 'link': 'https://stackoverflow.com/users/20460776/rakesh-badal'}",False,180,0,1,1668010159,1668010159,,74378016,CC BY-SA 4.0,https://stackoverflow.com/questions/74378016/how-to-passing-parameter-to-aws-glue-workflow-using-lambda,How to passing parameter to aws glue workflow using lambda,
"['amazon-cloudwatch', 'aws-glue', 'aws-data-pipeline']","{'account_id': 2514323, 'reputation': 392, 'user_id': 2186087, 'user_type': 'registered', 'accept_rate': 56, 'profile_image': 'https://www.gravatar.com/avatar/c7b4af3bbf67e8f934470de42f263680?s=256&d=identicon&r=PG', 'display_name': 'Sam', 'link': 'https://stackoverflow.com/users/2186087/sam'}",False,410,1,0,1662107066,1661984793,,73562516,CC BY-SA 4.0,https://stackoverflow.com/questions/73562516/aws-glue-metrics-to-populate-job-name-job-status-start-time-end-time-and-elap,"AWS Glue metrics to populate Job name, job Status, Start time, End time and Elapsed time",
"['typescript', 'amazon-web-services', 'aws-cdk', 'amazon-data-pipeline', 'aws-data-pipeline']","{'account_id': 5139737, 'reputation': 3278, 'user_id': 4117496, 'user_type': 'registered', 'accept_rate': 89, 'profile_image': 'https://www.gravatar.com/avatar/c2d8b2befcc632c3bb1566e54be54e87?s=256&d=identicon&r=PG&f=y&so-version=2', 'display_name': 'Fisher Coder', 'link': 'https://stackoverflow.com/users/4117496/fisher-coder'}",True,154,1,0,1661222368,1661200094,,73450672,CC BY-SA 4.0,https://stackoverflow.com/questions/73450672/aws-cdk-datapipeline-how-to-import-an-existing-data-pipeline,AWS CDK DataPipeline how to import an existing data pipeline,
"['amazon-web-services', 'amazon-s3', 'amazon-dynamodb', 'amazon-data-pipeline', 'aws-data-pipeline']","{'account_id': 5139737, 'reputation': 3278, 'user_id': 4117496, 'user_type': 'registered', 'accept_rate': 89, 'profile_image': 'https://www.gravatar.com/avatar/c2d8b2befcc632c3bb1566e54be54e87?s=256&d=identicon&r=PG&f=y&so-version=2', 'display_name': 'Fisher Coder', 'link': 'https://stackoverflow.com/users/4117496/fisher-coder'}",True,74,1,0,1661199886,1661016306,1661052737.0,73428745,CC BY-SA 4.0,https://stackoverflow.com/questions/73428745/aws-data-pipeline-keeps-running-into-filealreadyexistsexception,AWS Data Pipeline keeps running into FileAlreadyExistsException,73450649.0
"['amazon-web-services', 'shell', 'amazon-ec2', 'amazon-data-pipeline', 'aws-data-pipeline']","{'account_id': 26103988, 'reputation': 1, 'user_id': 19798945, 'user_type': 'registered', 'profile_image': 'https://www.gravatar.com/avatar/b87636c203173a6b19483d7ed75135a9?s=256&d=identicon&r=PG', 'display_name': 'potato', 'link': 'https://stackoverflow.com/users/19798945/potato'}",False,27,1,0,1663866582,1660882820,,73411796,CC BY-SA 4.0,https://stackoverflow.com/questions/73411796/how-can-i-attaching-an-additional-ebs-volume-to-ec2-from-data-pipeline,How can I attaching an additional EBS volume to EC2 from Data Pipeline?,
"['amazon-web-services', 'amazon-s3', 'aws-cloudformation', 'aws-data-pipeline']","{'account_id': 973792, 'reputation': 321, 'user_id': 995716, 'user_type': 'registered', 'profile_image': 'https://www.gravatar.com/avatar/8d613a0b298c7826ad18643fe5cd8ef4?s=256&d=identicon&r=PG&f=y&so-version=2', 'display_name': 'stowns', 'link': 'https://stackoverflow.com/users/995716/stowns'}",False,47,1,0,1660599216,1660593389,,73365847,CC BY-SA 4.0,https://stackoverflow.com/questions/73365847/aws-datapipeline-via-cloudformation-throws-error-type-is-not-defined-in-fields,AWS DataPipeline via Cloudformation throws error &#39;type is not defined in fields&#39;,
"['amazon-web-services', 'jdbc', 'mysql-connector', 'aws-data-pipeline']","{'account_id': 8002258, 'reputation': 531, 'user_id': 6036687, 'user_type': 'registered', 'accept_rate': 40, 'profile_image': 'https://www.gravatar.com/avatar/9d59b2e885fd9343e6269e4e34dc085c?s=256&d=identicon&r=PG&f=y&so-version=2', 'display_name': 'topplethepat', 'link': 'https://stackoverflow.com/users/6036687/topplethepat'}",False,196,0,0,1651685687,1651682208,1651685687.0,72116515,CC BY-SA 4.0,https://stackoverflow.com/questions/72116515/unsupportedclassversionerror-with-mysql-jdbc-driver-in-aws-data-pipeline,UnsupportedClassVersionError with mysql jdbc driver in AWS Data Pipeline,
"['bigdata', 'aws-glue', 'amazon-emr', 'amazon-athena', 'aws-data-pipeline']","{'account_id': 24845237, 'reputation': 25, 'user_id': 18722837, 'user_type': 'registered', 'profile_image': 'https://lh3.googleusercontent.com/a/AATXAJy0uKEDqeYUR5Pkqkaikms96By2vZmTfFCo_gy3=k-s256', 'display_name': 'Obada Qafisheh', 'link': 'https://stackoverflow.com/users/18722837/obada-qafisheh'}",False,1063,1,0,1649267269,1649236473,1649236792.0,71764062,CC BY-SA 4.0,https://stackoverflow.com/questions/71764062/how-to-update-data-when-loading-it-between-two-s3-buckets-using-aws-glue,How to update data when loading it between two S3 buckets using AWS Glue?,
"['amazon-web-services', 'airflow', 'data-pipeline', 'aws-data-pipeline']","{'account_id': 4487353, 'reputation': 23, 'user_id': 3649519, 'user_type': 'registered', 'profile_image': 'https://graph.facebook.com/100000234276755/picture?type=large', 'display_name': 'Prakhar Awasthi', 'link': 'https://stackoverflow.com/users/3649519/prakhar-awasthi'}",False,184,1,0,1643295870,1643295575,,70880789,CC BY-SA 4.0,https://stackoverflow.com/questions/70880789/data-pipeline-solution,Data Pipeline Solution,
"['amazon-web-services', 'amazon-data-pipeline', 'aws-data-pipeline']","{'account_id': 21627565, 'reputation': 241, 'user_id': 15951701, 'user_type': 'registered', 'profile_image': 'https://www.gravatar.com/avatar/74359d5762f23268692908b0a5e6d1c6?s=256&d=identicon&r=PG&f=y&so-version=2', 'display_name': 'fewfew', 'link': 'https://stackoverflow.com/users/15951701/fewfew'}",False,185,1,0,1641818424,1641813349,,70651537,CC BY-SA 4.0,https://stackoverflow.com/questions/70651537/aws-dynamodb-export-using-data-pipeline-not-working-for-eu-north-1,AWS dynamodb export using data pipeline not working for eu-north-1?,
"['amazon-web-services', 'csv', 'amazon-s3', 'delimiter', 'aws-data-pipeline']","{'account_id': 6722102, 'reputation': 199, 'user_id': 5181689, 'user_type': 'registered', 'profile_image': 'https://graph.facebook.com/1498908983734109/picture?type=large', 'display_name': 'Farukh Khan', 'link': 'https://stackoverflow.com/users/5181689/farukh-khan'}",False,580,1,0,1639388124,1639224972,1639388124.0,70315061,CC BY-SA 4.0,https://stackoverflow.com/questions/70315061/import-csv-file-in-s3-bucket-with-semi-colon-separated-fields,Import csv file in s3 bucket with semi colon separated fields,
"['amazon-web-services', 'amazon-ec2', 'pip', 'boto3', 'aws-data-pipeline']","{'account_id': 5763582, 'reputation': 39, 'user_id': 4549186, 'user_type': 'registered', 'profile_image': 'https://www.gravatar.com/avatar/efc8f078060d1e3e33a34959f3d32a4e?s=256&d=identicon&r=PG&f=y&so-version=2', 'display_name': 'N01', 'link': 'https://stackoverflow.com/users/4549186/n01'}",False,142,0,1,1630631370,1630631370,,69038462,CC BY-SA 4.0,https://stackoverflow.com/questions/69038462/unable-to-download-pip-and-boto3-on-aws-ec2-machine-used-in-aws-data-pipeline,Unable to download pip and boto3 on AWS EC2 machine used in AWS data pipeline,
"['amazon-web-services', 'amazon-s3', 'aws-glue', 'aws-data-pipeline']","{'account_id': 1584903, 'reputation': 1456, 'user_id': 1469496, 'user_type': 'registered', 'accept_rate': 99, 'profile_image': 'https://i.stack.imgur.com/6FNao.png?s=256&g=1', 'display_name': 'summerNight', 'link': 'https://stackoverflow.com/users/1469496/summernight'}",False,434,1,0,1629340235,1628287643,,68687919,CC BY-SA 4.0,https://stackoverflow.com/questions/68687919/multiple-s3-inputs-into-glue-pipeline,Multiple S3 Inputs into Glue Pipeline,
"['python', 'pandas', 'dataframe', 'amazon-athena', 'aws-data-pipeline']","{'account_id': 13071887, 'reputation': 65, 'user_id': 9445288, 'user_type': 'registered', 'profile_image': 'https://lh6.googleusercontent.com/-hiwWLwpz5v4/AAAAAAAAAAI/AAAAAAAAADo/Dhbm4pVO9Tw/photo.jpg?sz=256', 'display_name': 'Aditya Sahu', 'link': 'https://stackoverflow.com/users/9445288/aditya-sahu'}",False,86,1,0,1627558797,1626785198,,68455137,CC BY-SA 4.0,https://stackoverflow.com/questions/68455137/reading-partitioned-data-through-athena-in-downstream-jobs-in-pandas,Reading Partitioned Data through Athena in downstream jobs in pandas,
"['amazon-web-services', 'amazon-redshift', 'aws-data-pipeline']","{'account_id': 5741903, 'reputation': 43, 'user_id': 4534355, 'user_type': 'registered', 'profile_image': 'https://graph.facebook.com/882601838427762/picture?type=large', 'display_name': 'Keerthika Koka', 'link': 'https://stackoverflow.com/users/4534355/keerthika-koka'}",True,61,1,1,1623756139,1623755890,,67985256,CC BY-SA 4.0,https://stackoverflow.com/questions/67985256/of-records-loaded-through-aws-redshift,# of records loaded through AWS Redshift,67985311.0
"['amazon-web-services', 'aws-glue', 'aws-data-pipeline']","{'account_id': 16045688, 'reputation': 37, 'user_id': 11580862, 'user_type': 'registered', 'profile_image': 'https://lh3.googleusercontent.com/-XCbpp9W5zT8/AAAAAAAAAAI/AAAAAAAAAAA/ACHi3rfSIE7Wl7gphePxtuIeqzczjuyXtQ/mo/photo.jpg?sz=256', 'display_name': 'Paras Pandey', 'link': 'https://stackoverflow.com/users/11580862/paras-pandey'}",True,4655,2,3,1620629606,1620441256,,67443560,CC BY-SA 4.0,https://stackoverflow.com/questions/67443560/is-it-possible-to-update-and-insert-data-in-aws-glue-database-using-glue,Is it possible to update and insert data in AWS Glue database using glue,67465993.0
"['amazon-web-services', 'hadoop', 'hive', 'amazon-emr', 'aws-data-pipeline']","{'account_id': 20421277, 'reputation': 311, 'user_id': 14982219, 'user_type': 'registered', 'profile_image': 'https://lh6.googleusercontent.com/-rbLd_j2f4Hs/AAAAAAAAAAI/AAAAAAAAAAA/AMZuucnljVfX8sQdTYLQdLlK1GgVd3Ml0w/s96-c/photo.jpg?sz=256', 'display_name': 'vll1990', 'link': 'https://stackoverflow.com/users/14982219/vll1990'}",True,852,2,3,1641557083,1620373948,,67430978,CC BY-SA 4.0,https://stackoverflow.com/questions/67430978/avoid-run-install-task-runner-step-in-emr-cluster,avoid run Install Task Runner step in EMR cluster,
"['amazon-web-services', 'amazon-s3', 'aws-glue', 'aws-billing', 'aws-data-pipeline']","{'account_id': 19526353, 'reputation': 127, 'user_id': 14287127, 'user_type': 'registered', 'profile_image': 'https://lh3.googleusercontent.com/a-/AOh14GjE52xccTVlEBzOxtz7X_Q6AOjZDUx_GSDP6jyK=k-s256', 'display_name': 'Shreyas Chorge', 'link': 'https://stackoverflow.com/users/14287127/shreyas-chorge'}",False,414,0,0,1632227463,1619166323,1619166597.0,67226499,CC BY-SA 4.0,https://stackoverflow.com/questions/67226499/completely-deleting-all-resources-related-to-aws-glue-and-aws-data-pipeline,Completely deleting all resources related to AWS Glue and AWS Data Pipeline,
"['amazon-web-services', 'aws-glue', 'aws-data-pipeline', 'aws-lake-formation']","{'account_id': 15740204, 'reputation': 49, 'user_id': 11357870, 'user_type': 'registered', 'profile_image': 'https://www.gravatar.com/avatar/94b2c7aacdf2889f4b45b3a2a6c4c1d3?s=256&d=identicon&r=PG&f=y&so-version=2', 'display_name': 'rose1110', 'link': 'https://stackoverflow.com/users/11357870/rose1110'}",False,84,0,1,1618154154,1617821288,1618154154.0,66992382,CC BY-SA 4.0,https://stackoverflow.com/questions/66992382/cralwer-not-creating-table-in-data-lake-from-postgres-partition-table,Cralwer not creating table in data lake from postgres partition table,
"['amazon-s3', 'amazon-rds', 'aws-data-pipeline']","{'account_id': 9331015, 'reputation': 11, 'user_id': 6926762, 'user_type': 'registered', 'profile_image': 'https://www.gravatar.com/avatar/a82c5cf0dced9da0202270e37e1805ff?s=256&d=identicon&r=PG&f=y&so-version=2', 'display_name': 'kiran', 'link': 'https://stackoverflow.com/users/6926762/kiran'}",False,219,0,1,1616507740,1616501983,1616507740.0,66763007,CC BY-SA 4.0,https://stackoverflow.com/questions/66763007/using-aws-data-pipeline-to-move-data-from-aws-rds-to-s3,Using AWS Data Pipeline to move data from AWS RDS to S3,
"['amazon-web-services', 'batch-file', 'batch-processing', 'amazon-data-pipeline', 'aws-data-pipeline']","{'account_id': 417566, 'reputation': 1670, 'user_id': 793635, 'user_type': 'registered', 'accept_rate': 46, 'profile_image': 'https://www.gravatar.com/avatar/ffb2eabb8fc7b6db244d8cc1d6d33527?s=256&d=identicon&r=PG', 'display_name': 'Shanaka', 'link': 'https://stackoverflow.com/users/793635/shanaka'}",False,178,1,0,1616340117,1616326457,,66731796,CC BY-SA 4.0,https://stackoverflow.com/questions/66731796/batch-file-processing-in-aws-using-data-pipeline,Batch file processing in AWS using Data Pipeline,
"['amazon-web-services', 'azure', 'azure-data-factory', 'aws-data-pipeline']","{'account_id': 3622304, 'reputation': 31, 'user_id': 3020727, 'user_type': 'registered', 'profile_image': 'https://www.gravatar.com/avatar/6178b76a7f66bc594288744311ad03ba?s=256&d=identicon&r=PG&f=y&so-version=2', 'display_name': 'CelticGiz', 'link': 'https://stackoverflow.com/users/3020727/celticgiz'}",False,921,0,3,1610434029,1610434029,,65679162,CC BY-SA 4.0,https://stackoverflow.com/questions/65679162/is-there-an-equivalent-of-the-azure-integration-runtime-for-aws-data-pipeline,Is there an equivalent of the Azure Integration Runtime for AWS Data pipeline?,
"['amazon-web-services', 'amazon-ec2', 'aws-data-pipeline']","{'account_id': 1366177, 'reputation': 1296, 'user_id': 1302551, 'user_type': 'registered', 'accept_rate': 62, 'profile_image': 'https://www.gravatar.com/avatar/1a424f12a746bc7afd940cadad187370?s=256&d=identicon&r=PG', 'display_name': 'WolVes', 'link': 'https://stackoverflow.com/users/1302551/wolves'}",True,278,1,0,1609359526,1609348708,,65510944,CC BY-SA 4.0,https://stackoverflow.com/questions/65510944/aws-iam-setup-for-ec2-resource-in-aws-data-pipeline,AWS IAM Setup for EC2 Resource in AWS Data Pipeline,65513079.0
"['postgresql', 'unix', 'psql', 'aws-data-pipeline']","{'account_id': 7199349, 'reputation': 27, 'user_id': 5497020, 'user_type': 'registered', 'profile_image': 'https://www.gravatar.com/avatar/4bc3fe64f6e4675f4469e36840445e2b?s=256&d=identicon&r=PG&f=y&so-version=2', 'display_name': 'Subrahmanyam', 'link': 'https://stackoverflow.com/users/5497020/subrahmanyam'}",True,24,1,0,1608701796,1608698102,,65419090,CC BY-SA 4.0,https://stackoverflow.com/questions/65419090/using-mulitple-sql-query-through-psql-connecting-from-a-remote-client,Using mulitple sql query through psql connecting from a remote client,65419507.0
"['amazon-redshift', 'aws-data-pipeline', 'aws-event-bridge']","{'account_id': 22223, 'reputation': 12915, 'user_id': 54612, 'user_type': 'registered', 'accept_rate': 71, 'profile_image': 'https://www.gravatar.com/avatar/9da7533a8a4f0bc48954fcce6860d520?s=256&d=identicon&r=PG', 'display_name': 'blu', 'link': 'https://stackoverflow.com/users/54612/blu'}",True,619,1,0,1607333835,1607282940,,65172207,CC BY-SA 4.0,https://stackoverflow.com/questions/65172207/how-can-create-an-amazon-event-bus-rule-to-handle-an-aws-data-pipeline-event,How can create an Amazon Event Bus rule to handle an AWS Data Pipeline event?,
"['amazon-web-services', 'aws-data-pipeline']","{'account_id': 17981114, 'reputation': 589, 'user_id': 13067435, 'user_type': 'registered', 'profile_image': 'https://www.gravatar.com/avatar/7fd641a18a843a4ec2e3ca641e13d8f0?s=256&d=identicon&r=PG&f=y&so-version=2', 'display_name': 'arve', 'link': 'https://stackoverflow.com/users/13067435/arve'}",False,563,1,0,1602202516,1602182473,,64268771,CC BY-SA 4.0,https://stackoverflow.com/questions/64268771/how-to-read-ssm-parameters-in-a-shell-script-in-aws-data-pipeline,How to read ssm parameters in a shell script in aws data pipeline?,
"['amazon-web-services', 'amazon-s3', 'aws-data-pipeline']","{'account_id': 19590616, 'reputation': 11, 'user_id': 14337716, 'user_type': 'registered', 'profile_image': 'https://www.gravatar.com/avatar/4eb42056fd744f1a93353ca43d029f7b?s=256&d=identicon&r=PG&f=y&so-version=2', 'display_name': 'shiva', 'link': 'https://stackoverflow.com/users/14337716/shiva'}",True,423,1,0,1601015411,1601004594,1601015279.0,64057387,CC BY-SA 4.0,https://stackoverflow.com/questions/64057387/set-up-cross-account-access-for-aws-s3,Set up cross account access for AWS S3,
"['amazon-web-services', 'serverless', 'amazon-data-pipeline', 'aws-data-pipeline']","{'account_id': 6508597, 'reputation': 666, 'user_id': 5036698, 'user_type': 'registered', 'accept_rate': 25, 'profile_image': 'https://www.gravatar.com/avatar/f09562d877d4f4d8cd90c8c7cc665244?s=256&d=identicon&r=PG&f=y&so-version=2', 'display_name': 'Asfar Irshad', 'link': 'https://stackoverflow.com/users/5036698/asfar-irshad'}",True,468,2,0,1601376112,1600360295,1601376112.0,63942440,CC BY-SA 4.0,https://stackoverflow.com/questions/63942440/aws-data-pipeline-unable-to-create-through-serverless-yaml-template,AWS data pipeline unable to create through serverless yaml template,64117944.0
"['amazon-web-services', 'amazon-s3', 'amazon-dynamodb', 'amazon-emr', 'aws-data-pipeline']","{'account_id': 9466552, 'reputation': 79, 'user_id': 7038713, 'user_type': 'registered', 'profile_image': 'https://www.gravatar.com/avatar/5b4928edee93d3335dfc4114ea311154?s=256&d=identicon&r=PG&f=y&so-version=2', 'display_name': 'Afnas ', 'link': 'https://stackoverflow.com/users/7038713/afnas'}",True,674,1,4,1599467984,1598705681,1599023973.0,63647183,CC BY-SA 4.0,https://stackoverflow.com/questions/63647183/how-to-export-an-aws-dynamodb-table-to-an-s3-bucket,How to export an AWS DynamoDB table to an S3 Bucket?,63774135.0
"['amazon-web-services', 'aws-cloudformation', 'aws-cdk', 'aws-data-pipeline']","{'account_id': 9954013, 'reputation': 469, 'user_id': 7365614, 'user_type': 'registered', 'accept_rate': 57, 'profile_image': 'https://www.gravatar.com/avatar/5ed773db849a7a4157e4a907e7ef867c?s=256&d=identicon&r=PG&f=y&so-version=2', 'display_name': 'user7365614', 'link': 'https://stackoverflow.com/users/7365614/user7365614'}",False,154,0,0,1595026114,1595009214,1595026114.0,62959548,CC BY-SA 4.0,https://stackoverflow.com/questions/62959548/how-to-sync-data-form-redshift-to-dynamodb,How to sync data form redshift to dynamodb,
"['amazon-web-services', 'amazon-s3', 'amazon-rds', 'amazon-aurora', 'aws-data-pipeline']","{'account_id': 4332141, 'reputation': 140, 'user_id': 3537366, 'user_type': 'registered', 'profile_image': 'https://www.gravatar.com/avatar/8f587801f69d5e3cb3e15fd38e59be0c?s=256&d=identicon&r=PG&f=y&so-version=2', 'display_name': 'Hary S', 'link': 'https://stackoverflow.com/users/3537366/hary-s'}",False,1144,1,0,1592153984,1592140625,1592150142.0,62373035,CC BY-SA 4.0,https://stackoverflow.com/questions/62373035/move-data-from-s3-to-amazon-aurora-postgres,Move data from S3 to Amazon Aurora Postgres,
"['amazon-web-services', 'aws-data-pipeline']","{'account_id': 18650561, 'reputation': 155, 'user_id': 13594111, 'user_type': 'registered', 'profile_image': 'https://graph.facebook.com/1184680958532512/picture?type=large', 'display_name': 'Atul', 'link': 'https://stackoverflow.com/users/13594111/atul'}",False,277,1,0,1592678600,1591950874,,62340541,CC BY-SA 4.0,https://stackoverflow.com/questions/62340541/aws-data-pipeline-creation-error-code-throttling-rate-exceeded,AWS Data Pipeline Creation Error Code: Throttling-- Rate Exceeded,
"['amazon-web-services', 'amazon-s3', 'aws-lambda', 'aws-dms', 'aws-data-pipeline']","{'account_id': 14846204, 'reputation': 105, 'user_id': 10721455, 'user_type': 'registered', 'profile_image': 'https://lh3.googleusercontent.com/-G8xQOAx4jVo/AAAAAAAAAAI/AAAAAAAAAAA/AGDgw-iX9yNuU1j0___EwrSAKddzZgjTYg/mo/photo.jpg?sz=256', 'display_name': 'Nimmo', 'link': 'https://stackoverflow.com/users/10721455/nimmo'}",True,1115,1,1,1591790666,1591774867,1591775598.0,62298207,CC BY-SA 4.0,https://stackoverflow.com/questions/62298207/data-migration-from-s3-to-rds,Data migration from S3 to RDS,62299968.0
"['amazon-web-services', 'amazon-ec2', 'amazon-data-pipeline', 'aws-data-pipeline']","{'account_id': 6677655, 'reputation': 413, 'user_id': 5151812, 'user_type': 'registered', 'accept_rate': 53, 'profile_image': 'https://www.gravatar.com/avatar/2e30475140f6a90a81d7e6fe77c1819f?s=256&d=identicon&r=PG&f=y&so-version=2', 'display_name': 'Dev', 'link': 'https://stackoverflow.com/users/5151812/dev'}",True,308,1,2,1591188931,1591186971,,62172748,CC BY-SA 4.0,https://stackoverflow.com/questions/62172748/aws-data-pipeline-name-tag-option-for-ec2-resource,AWS data pipeline name tag option for EC2 resource,62172879.0
"['amazon-dynamodb', 'amazon-data-pipeline', 'aws-data-pipeline']","{'account_id': 13328924, 'reputation': 107, 'user_id': 9620996, 'user_type': 'registered', 'profile_image': 'https://www.gravatar.com/avatar/17e4da0080b776b965dcd9103c655c71?s=256&d=identicon&r=PG&f=y&so-version=2', 'display_name': 'Matheus Almeida', 'link': 'https://stackoverflow.com/users/9620996/matheus-almeida'}",True,730,1,0,1594975956,1587416239,1594975956.0,61331943,CC BY-SA 4.0,https://stackoverflow.com/questions/61331943/aws-data-pipeline-s3-csv-to-dynamodb-json-error,AWS Data Pipeline S3 CSV to DynamoDB JSON Error,
"['amazon-web-services', 'aws-lambda', 'amazon-redshift', 'aws-data-pipeline']","{'account_id': 18307406, 'reputation': 1, 'user_id': 13330962, 'user_type': 'registered', 'profile_image': 'https://www.gravatar.com/avatar/8056ad386084403ba2280ef8cc78d94d?s=256&d=identicon&r=PG&f=y&so-version=2', 'display_name': 'Thybert', 'link': 'https://stackoverflow.com/users/13330962/thybert'}",True,230,1,0,1587050687,1587048699,,61253266,CC BY-SA 4.0,https://stackoverflow.com/questions/61253266/best-practices-for-setting-up-a-data-pipeline-on-aws-lambda-emr-redshift-athen,Best practices for setting up a data pipeline on AWS? (Lambda/EMR/Redshift/Athena),
"['amazon-s3', 'data-lake', 'aws-data-pipeline']","{'account_id': 268967, 'reputation': 3491, 'user_id': 558049, 'user_type': 'registered', 'accept_rate': 79, 'profile_image': 'https://www.gravatar.com/avatar/12d88a9283905c61b279c9b3f6082a6b?s=256&d=identicon&r=PG', 'display_name': 'Manish Trivedi', 'link': 'https://stackoverflow.com/users/558049/manish-trivedi'}",False,48,0,1,1586425168,1586425168,,61118173,CC BY-SA 4.0,https://stackoverflow.com/questions/61118173/which-file-format-is-suitable-for-unstructured-data,Which file format is suitable for unstructured data?,
"['amazon-data-pipeline', 'aws-data-pipeline']","{'account_id': 8969957, 'reputation': 185, 'user_id': 6688889, 'user_type': 'registered', 'profile_image': 'https://www.gravatar.com/avatar/6f2ef4a8e6e0828e64697f0689f1632c?s=256&d=identicon&r=PG&f=y&so-version=2', 'display_name': 'Mike S.', 'link': 'https://stackoverflow.com/users/6688889/mike-s'}",True,886,1,1,1583978305,1583955420,,60643348,CC BY-SA 4.0,https://stackoverflow.com/questions/60643348/aws-data-pipeline-upload-csv-file-from-s3-to-dynamodb,AWS Data Pipeline: Upload CSV file from S3 to DynamoDB,
"['amazon-web-services', 'aws-lambda', 'aws-data-pipeline']","{'account_id': 17740459, 'reputation': 11, 'user_id': 12880946, 'user_type': 'registered', 'profile_image': 'https://www.gravatar.com/avatar/acdea6686e8f2c20b984498e01bc4a87?s=256&d=identicon&r=PG&f=y&so-version=2', 'display_name': 'Last Effort', 'link': 'https://stackoverflow.com/users/12880946/last-effort'}",False,603,1,0,1581984728,1581446967,,60175551,CC BY-SA 4.0,https://stackoverflow.com/questions/60175551/invoke-lambda-function-from-aws-datapipeline,Invoke Lambda function from AWS DataPipeline,
"['airflow', 'amazon-data-pipeline', 'google-cloud-composer', 'aws-data-pipeline']","{'account_id': 509640, 'reputation': 349, 'user_id': 1904551, 'user_type': 'registered', 'profile_image': 'https://www.gravatar.com/avatar/beac338125617c47aea5612dbf052198?s=256&d=identicon&r=PG', 'display_name': 'JW2', 'link': 'https://stackoverflow.com/users/1904551/jw2'}",True,2405,1,1,1577207855,1577134190,1577160671.0,59461165,CC BY-SA 4.0,https://stackoverflow.com/questions/59461165/airflow-tasks-that-write-files-locally-gcs,Airflow - Tasks that write files locally (GCS),
"['java', 'amazon-web-services', 'aws-data-pipeline']","{'account_id': 17335989, 'reputation': 1, 'user_id': 12557904, 'user_type': 'registered', 'profile_image': 'https://lh3.googleusercontent.com/a-/AAuE7mA9L3m93dvdNJHdsMHF3ziD-Poh1cXL44qVLkxvpw=k-s256', 'display_name': 'Dhruv Kumar', 'link': 'https://stackoverflow.com/users/12557904/dhruv-kumar'}",True,312,1,0,1578779010,1576665819,,59390263,CC BY-SA 4.0,https://stackoverflow.com/questions/59390263/getting-current-aws-data-pipeline-status-from-java,Getting current AWS Data Pipeline status from Java,
"['amazon-web-services', 'amazon-s3', 'amazon-dynamodb', 'aws-data-pipeline']","{'account_id': 12468843, 'reputation': 161, 'user_id': 9077750, 'user_type': 'registered', 'accept_rate': 57, 'profile_image': 'https://graph.facebook.com/1529331723841230/picture?type=large', 'display_name': 'Love Babbar', 'link': 'https://stackoverflow.com/users/9077750/love-babbar'}",False,202,1,0,1576514024,1576229436,1576514024.0,59319632,CC BY-SA 4.0,https://stackoverflow.com/questions/59319632/duplication-of-data-using-data-pipeline,Duplication of data using data pipeline,
"['amazon-web-services', 'amazon-dynamodb', 'amazon-data-pipeline', 'aws-data-pipeline']","{'account_id': 2045696, 'reputation': 681, 'user_id': 1825820, 'user_type': 'registered', 'profile_image': 'https://i.stack.imgur.com/5bxti.jpg?s=256&g=1', 'display_name': 'venkatvb', 'link': 'https://stackoverflow.com/users/1825820/venkatvb'}",True,415,1,0,1575768243,1574258229,1574258609.0,58956058,CC BY-SA 4.0,https://stackoverflow.com/questions/58956058/increase-decrease-dynamodb-rcu-from-aws-datapipeline,Increase &amp; Decrease DynamoDb RCU from AWS DataPipeline,59231705.0
"['aws-lambda', 'aws-data-pipeline']","{'account_id': 11671865, 'reputation': 135, 'user_id': 8546670, 'user_type': 'registered', 'accept_rate': 25, 'profile_image': 'https://www.gravatar.com/avatar/41666b4d7335dd6a7b68c2b63158a1b6?s=256&d=identicon&r=PG&f=y&so-version=2', 'display_name': 'Krish', 'link': 'https://stackoverflow.com/users/8546670/krish'}",False,420,0,0,1572867764,1572867764,,58692737,CC BY-SA 4.0,https://stackoverflow.com/questions/58692737/trigger-aws-lambda-function-whenever-a-new-file-arrived-on-two-different-s3-pref,Trigger AWS Lambda function whenever a new file arrived on two different s3 prefixes,
"['amazon-web-services', 'aws-glue', 'aws-batch', 'aws-data-pipeline']","{'account_id': 3641775, 'reputation': 11, 'user_id': 3035692, 'user_type': 'registered', 'profile_image': 'https://www.gravatar.com/avatar/0a9e32a9038e307e04dfaf8f074d81de?s=256&d=identicon&r=PG&f=y&so-version=2', 'display_name': 'user3035692', 'link': 'https://stackoverflow.com/users/3035692/user3035692'}",False,398,0,0,1572413487,1572392538,1572413487.0,58616846,CC BY-SA 4.0,https://stackoverflow.com/questions/58616846/aws-etl-solutions-for-small-data,AWS ETL solutions for small data,
"['github', 'aws-glue', 'aws-glue-data-catalog', 'aws-data-pipeline']","{'account_id': 15403989, 'reputation': 67, 'user_id': 11112589, 'user_type': 'registered', 'profile_image': 'https://lh5.googleusercontent.com/-2cjHiBSM8BA/AAAAAAAAAAI/AAAAAAAAAAA/ACevoQMfggxwqOzIAN5hvkTh9QiDZDjB9w/mo/photo.jpg?sz=256', 'display_name': 'J184937', 'link': 'https://stackoverflow.com/users/11112589/j184937'}",True,1257,1,0,1571273707,1571144608,1571273707.0,58395405,CC BY-SA 4.0,https://stackoverflow.com/questions/58395405/how-to-integrate-github-with-data-catalog-in-aws-glue,How to integrate Github with Data Catalog in AWS Glue,58418397.0
"['python-3.x', 'amazon-web-services', 'aws-lambda', 'aws-data-pipeline']","{'account_id': 3219982, 'reputation': 1283, 'user_id': 2717674, 'user_type': 'registered', 'accept_rate': 18, 'profile_image': 'https://i.stack.imgur.com/V0VU6.jpg?s=256&g=1', 'display_name': 'Juhan', 'link': 'https://stackoverflow.com/users/2717674/juhan'}",True,1234,2,0,1594702524,1569411865,1569412305.0,58097603,CC BY-SA 4.0,https://stackoverflow.com/questions/58097603/pass-parameter-to-aws-data-pipeline-built-in-template-from-lambda-function,Pass parameter to AWS Data pipeline - Built in template from Lambda function,
"['amazon-s3', 'apache-pig', 'amazon-athena', 'aws-data-pipeline']","{'account_id': 6939979, 'reputation': 61, 'user_id': 5326697, 'user_type': 'registered', 'profile_image': 'https://www.gravatar.com/avatar/213d2096798069890e517a735d44fc01?s=256&d=identicon&r=PG&f=y&so-version=2', 'display_name': 'manojd7sto', 'link': 'https://stackoverflow.com/users/5326697/manojd7sto'}",False,38,0,1,1567564492,1567564492,,57780763,CC BY-SA 4.0,https://stackoverflow.com/questions/57780763/is-there-a-way-pigactivity-in-aws-pipeline-can-read-schema-from-athena-tables-cr,Is there a way PigActivity in AWS Pipeline can read schema from Athena tables created on S3 buckets,
"['amazon-web-services', 'amazon-s3', 'aws-lambda', 'aws-glue', 'aws-data-pipeline']","{'account_id': 7084284, 'reputation': 37662, 'user_id': 5421539, 'user_type': 'registered', 'accept_rate': 66, 'profile_image': 'https://www.gravatar.com/avatar/e7d7d3f1b775287a7a9eaed48446380c?s=256&d=identicon&r=PG&f=y&so-version=2', 'display_name': 'Joey Yi Zhao', 'link': 'https://stackoverflow.com/users/5421539/joey-yi-zhao'}",False,94,1,0,1565228657,1565220967,,57403438,CC BY-SA 4.0,https://stackoverflow.com/questions/57403438/looking-for-a-better-way-to-visualize-data-lake-pipeline-on-aws,looking for a better way to visualize data lake pipeline on AWS,
"['amazon-s3', 'amazon-redshift', 'aws-glue-data-catalog', 'aws-data-pipeline']","{'account_id': 4248621, 'reputation': 3979, 'user_id': 3476463, 'user_type': 'registered', 'accept_rate': 33, 'profile_image': 'https://www.gravatar.com/avatar/50ee6d47b80ab2b19986e685bf98ac22?s=256&d=identicon&r=PG&f=y&so-version=2', 'display_name': 'user3476463', 'link': 'https://stackoverflow.com/users/3476463/user3476463'}",True,10283,1,0,1562823959,1562782915,1562783173.0,56976556,CC BY-SA 4.0,https://stackoverflow.com/questions/56976556/create-user-with-access-to-view-in-redshift,Create user with access to view in redshift,
"['amazon-web-services', 'amazon-s3', 'amazon-rds', 'aws-data-pipeline']","{'account_id': 5288199, 'reputation': 2912, 'user_id': 4221475, 'user_type': 'registered', 'accept_rate': 25, 'profile_image': 'https://www.gravatar.com/avatar/056cd7d352c3d878f858b94da083f028?s=256&d=identicon&r=PG&f=y&so-version=2', 'display_name': 'Sachin', 'link': 'https://stackoverflow.com/users/4221475/sachin'}",False,166,0,2,1558688260,1558688260,,56289157,CC BY-SA 4.0,https://stackoverflow.com/questions/56289157/data-pipeline-stop-creating-empty-file-in-s3,Data Pipeline: Stop creating empty file in S3,
['aws-data-pipeline'],"{'account_id': 418461, 'reputation': 113, 'user_id': 795028, 'user_type': 'registered', 'accept_rate': 75, 'profile_image': 'https://www.gravatar.com/avatar/041ebdc3d15b6149a41d6cc080c38375?s=256&d=identicon&r=PG', 'display_name': 'user795028', 'link': 'https://stackoverflow.com/users/795028/user795028'}",False,281,0,1,1557410866,1557410866,,56061303,CC BY-SA 4.0,https://stackoverflow.com/questions/56061303/shellcommandactivity-timing-out-despite-setting-3-hours-as-the-timeout-value,ShellCommandActivity timing out despite setting 3 hours as the timeout value,
"['aws-lambda', 'amazon-dynamodb', 'aws-glue', 'aws-batch', 'aws-data-pipeline']","{'account_id': 7300687, 'reputation': 7252, 'user_id': 5563569, 'user_type': 'registered', 'profile_image': 'https://www.gravatar.com/avatar/c8f27ef2a3b6c56f2dc110e4f9cd4498?s=256&d=identicon&r=PG&f=y&so-version=2', 'display_name': 'Matthew Pope', 'link': 'https://stackoverflow.com/users/5563569/matthew-pope'}",True,1007,1,2,1554583984,1554481409,1554526091.0,55539727,CC BY-SA 4.0,https://stackoverflow.com/questions/55539727/export-existing-dynamodb-items-to-lambda-function,Export existing DynamoDB items to Lambda Function,
"['amazon-web-services', 'amazon-rds', 'aws-data-pipeline']","{'account_id': 7205288, 'reputation': 55, 'user_id': 5501109, 'user_type': 'registered', 'accept_rate': 20, 'profile_image': 'https://i.stack.imgur.com/zb1Ft.jpg?s=256&g=1', 'display_name': 'Vijayasarathi Balasubramanian', 'link': 'https://stackoverflow.com/users/5501109/vijayasarathi-balasubramanian'}",False,1059,2,0,1553833589,1553820494,1553830124.0,55408978,CC BY-SA 4.0,https://stackoverflow.com/questions/55408978/copy-data-from-postgresql-to-s3-using-aws-data-pipeline,Copy data from PostgreSQL to S3 using AWS Data Pipeline,
['aws-data-pipeline'],"{'account_id': 15531632, 'reputation': 51, 'user_id': 11204973, 'user_type': 'registered', 'profile_image': 'https://www.gravatar.com/avatar/a4c314e2f77258dcfb456d13ad71d323?s=256&d=identicon&r=PG&f=y&so-version=2', 'display_name': 'user11204973', 'link': 'https://stackoverflow.com/users/11204973/user11204973'}",False,123,1,1,1552591563,1552589656,,55170067,CC BY-SA 4.0,https://stackoverflow.com/questions/55170067/has-anyone-used-aws-system-manager-parameter-in-data-pipeline-to-allocate-value,"Has anyone used AWS system manager parameter in data pipeline, to allocate value to a parameter in pipeline?",
"['mysql', 'amazon-web-services', 'google-cloud-platform', 'google-bigquery', 'aws-data-pipeline']","{'account_id': 14327429, 'reputation': 3, 'user_id': 10349123, 'user_type': 'registered', 'profile_image': 'https://lh5.googleusercontent.com/-U2061mui38Q/AAAAAAAAAAI/AAAAAAAAADQ/s6ygZZXpwto/photo.jpg?sz=256', 'display_name': 'Buddhika Sameera', 'link': 'https://stackoverflow.com/users/10349123/buddhika-sameera'}",True,752,2,0,1553660890,1552227110,1553660890.0,55088530,CC BY-SA 4.0,https://stackoverflow.com/questions/55088530/aws-mysql-to-gcp-bigquery-data-migration,AWS MySQL to GCP BigQuery data migration,55089966.0
"['amazon-web-services', 'aws-step-functions', 'aws-data-pipeline']","{'account_id': 3213692, 'reputation': 621, 'user_id': 3450425, 'user_type': 'registered', 'accept_rate': 50, 'profile_image': 'https://i.stack.imgur.com/4S7F2.jpg?s=256&g=1', 'display_name': 'archilius', 'link': 'https://stackoverflow.com/users/3450425/archilius'}",True,8594,1,33,1552045067,1552042223,,55061621,CC BY-SA 4.0,https://stackoverflow.com/questions/55061621/aws-data-pipeline-vs-step-functions,AWS Data Pipeline vs Step Functions,55062474.0
"['amazon-web-services', 'aws-lambda', 'aws-data-pipeline']","{'account_id': 6419318, 'reputation': 276, 'user_id': 4976444, 'user_type': 'registered', 'accept_rate': 75, 'profile_image': 'https://www.gravatar.com/avatar/91164741fa13660be3d04eb0e1bbbee0?s=256&d=identicon&r=PG&f=y&so-version=2', 'display_name': 'paramvir', 'link': 'https://stackoverflow.com/users/4976444/paramvir'}",True,476,2,0,1552212880,1550814444,,54820791,CC BY-SA 4.0,https://stackoverflow.com/questions/54820791/aws-data-pipeline-dump-data-to-3-s3-nodes,AWS data pipeline: dump data to 3 s3 nodes,55086612.0
"['sql-server', 'amazon-web-services', 'aws-data-pipeline']","{'account_id': 9537601, 'reputation': 617, 'user_id': 7087214, 'user_type': 'registered', 'accept_rate': 85, 'profile_image': 'https://lh3.googleusercontent.com/-61TLT5pQPy0/AAAAAAAAAAI/AAAAAAAAGf8/Khtgfog0CEI/photo.jpg?sz=256', 'display_name': 'PyRaider', 'link': 'https://stackoverflow.com/users/7087214/pyraider'}",False,115,1,0,1550789525,1550613131,1550618936.0,54775511,CC BY-SA 4.0,https://stackoverflow.com/questions/54775511/aws-datapipeline-insert-status-with-sqlactivity,AWS DataPipeline insert status with SQLActivity,
"['pyspark', 'spark-streaming', 'amazon-emr', 'amazon-kinesis', 'aws-data-pipeline']","{'account_id': 3465398, 'reputation': 91, 'user_id': 3061091, 'user_type': 'registered', 'profile_image': 'https://www.gravatar.com/avatar/2f00ff00db03e5c5cb5d831896c040dd?s=256&d=identicon&r=PG&f=y&so-version=2', 'display_name': 'RockerZ', 'link': 'https://stackoverflow.com/users/3061091/rockerz'}",True,733,2,1,1549173292,1549162738,,54499585,CC BY-SA 4.0,https://stackoverflow.com/questions/54499585/spark-streaming-scheduling-best-practices,Spark Streaming scheduling best practices,54499721.0
"['amazon-web-services', 'amazon-s3', 'amazon-ec2', 'amazon-data-pipeline', 'aws-data-pipeline']","{'account_id': 13766216, 'reputation': 51, 'user_id': 9934737, 'user_type': 'registered', 'profile_image': 'https://lh5.googleusercontent.com/-I8ZINZJj52U/AAAAAAAAAAI/AAAAAAAAAAc/tNHrfBVEBOo/photo.jpg?sz=256', 'display_name': 'jeroen', 'link': 'https://stackoverflow.com/users/9934737/jeroen'}",True,2949,2,5,1606128831,1549013235,,54476502,CC BY-SA 4.0,https://stackoverflow.com/questions/54476502/aws-data-pipeline-issue-with-permissions-s3-access-for-iam-role,AWS Data Pipeline: Issue with permissions S3 Access for IAM role,
"['amazon-web-services', 'hive', 'hiveql', 'aws-data-pipeline']","{'account_id': 2043101, 'reputation': 4227, 'user_id': 1823822, 'user_type': 'registered', 'accept_rate': 29, 'profile_image': 'https://www.gravatar.com/avatar/f285ae8337ab4f02e0853a9af5a735c9?s=256&d=identicon&r=PG', 'display_name': 'Joy', 'link': 'https://stackoverflow.com/users/1823822/joy'}",False,71,1,1,1550792315,1548153648,,54306427,CC BY-SA 4.0,https://stackoverflow.com/questions/54306427/processing-parameters-passed-to-sql-activity-in-aws-data-pipeline,Processing parameters passed to SQL activity in AWS data pipeline,
"['amazon-web-services', 'aws-data-pipeline']","{'account_id': 10374987, 'reputation': 385, 'user_id': 7651428, 'user_type': 'registered', 'profile_image': 'https://lh6.googleusercontent.com/-dQn_IRRy1YM/AAAAAAAAAAI/AAAAAAAAHaw/6RWmieBuIKk/photo.jpg?sz=256', 'display_name': 'Njoi', 'link': 'https://stackoverflow.com/users/7651428/njoi'}",False,39,1,0,1551892019,1543242022,,53483115,CC BY-SA 4.0,https://stackoverflow.com/questions/53483115/how-to-give-access-to-a-user-in-one-aws-account-to-aws-datapipeline-in-another-a,how to give access to a user in one AWS account to AWS datapipeline in another account?,
"['python', 'amazon-web-services', 'etl', 'aws-glue', 'aws-data-pipeline']","{'account_id': 3275208, 'reputation': 6401, 'user_id': 2757483, 'user_type': 'registered', 'accept_rate': 48, 'profile_image': 'https://graph.facebook.com/7812459/picture?type=large', 'display_name': 'Jackson', 'link': 'https://stackoverflow.com/users/2757483/jackson'}",False,578,0,3,1542489624,1542489624,,53355692,CC BY-SA 4.0,https://stackoverflow.com/questions/53355692/import-file-data-from-s3-into-rds-with-transformation-steps,Import file data from S3 into RDS with transformation steps,
"['amazon-web-services', 'amazon-iam', 'aws-data-pipeline']","{'account_id': 5499619, 'reputation': 71, 'user_id': 4369359, 'user_type': 'registered', 'profile_image': 'https://lh3.googleusercontent.com/-59BwGwtLoJM/AAAAAAAAAAI/AAAAAAAAAAA/SrmKLQl-_eE/photo.jpg?sz=256', 'display_name': 'Knut Hellan', 'link': 'https://stackoverflow.com/users/4369359/knut-hellan'}",True,3486,1,3,1541668511,1541598047,1541668211.0,53190613,CC BY-SA 4.0,https://stackoverflow.com/questions/53190613/permissions-for-creating-and-attaching-ebs-volume-to-an-ec2resource-i-aws-data-p,Permissions for creating and attaching EBS Volume to an EC2Resource i AWS Data Pipeline,
"['amazon-emr', 'aws-data-pipeline']","{'account_id': 5733027, 'reputation': 830, 'user_id': 4527988, 'user_type': 'registered', 'accept_rate': 38, 'profile_image': 'https://www.gravatar.com/avatar/e842bfa6a82350b00870a9b007d8353b?s=256&d=identicon&r=PG&f=y&so-version=2', 'display_name': 'Raghav salotra', 'link': 'https://stackoverflow.com/users/4527988/raghav-salotra'}",False,103,0,1,1541238199,1540967915,,53077646,CC BY-SA 4.0,https://stackoverflow.com/questions/53077646/how-to-run-multiple-steps-in-aws-data-pipeline-using-aws-console,How to run multiple steps in aws data pipeline using aws console,
"['database', 'amazon-web-services', 'aws-glue', 'aws-data-pipeline']","{'account_id': 9558533, 'reputation': 117, 'user_id': 7100210, 'user_type': 'registered', 'profile_image': 'https://www.gravatar.com/avatar/32e82c5bafa5443cf486121705f1e1e2?s=256&d=identicon&r=PG&f=y&so-version=2', 'display_name': 'Juan', 'link': 'https://stackoverflow.com/users/7100210/juan'}",True,1062,1,0,1687085954,1538577948,1687085954.0,52629720,CC BY-SA 4.0,https://stackoverflow.com/questions/52629720/aws-copy-data-from-one-database-to-another,AWS Copy data from one database to another,52629879.0
"['elastic-ip', 'aws-data-pipeline']","{'account_id': 162723, 'reputation': 23, 'user_id': 384365, 'user_type': 'registered', 'profile_image': 'https://www.gravatar.com/avatar/80f1018b12128ab36dd0cbf559032819?s=256&d=identicon&r=PG', 'display_name': 'J2James', 'link': 'https://stackoverflow.com/users/384365/j2james'}",False,236,1,0,1540957121,1534847904,,51946826,CC BY-SA 4.0,https://stackoverflow.com/questions/51946826/associate-elastic-ip-with-scheduled-aws-data-pipeline,Associate Elastic IP with scheduled AWS data pipeline,
"['amazon-web-services', 'aws-cloudformation', 'aws-data-pipeline']","{'account_id': 7291276, 'reputation': 133, 'user_id': 5557594, 'user_type': 'registered', 'accept_rate': 50, 'profile_image': 'https://www.gravatar.com/avatar/aa543d5d31b164e0aa2b9d1b6b03b2f6?s=256&d=identicon&r=PG&f=y&so-version=2', 'display_name': 'Achal', 'link': 'https://stackoverflow.com/users/5557594/achal'}",False,3393,1,1,1533835676,1533749673,,51752549,CC BY-SA 4.0,https://stackoverflow.com/questions/51752549/unresolved-resource-dependencies-defaultschedule-in-the-resources-block-of-the,Unresolved resource dependencies [DefaultSchedule] in the Resources block of the template,
"['java', 'amazon-web-services', 'amazon-data-pipeline', 'data-pipeline', 'aws-data-pipeline']","{'account_id': 4281018, 'reputation': 31, 'user_id': 3500384, 'user_type': 'registered', 'profile_image': 'https://graph.facebook.com/1807526519/picture?type=large', 'display_name': 'Matt', 'link': 'https://stackoverflow.com/users/3500384/matt'}",True,196,1,1,1533669819,1533570296,,51711338,CC BY-SA 4.0,https://stackoverflow.com/questions/51711338/aws-datapipeline-incorrect-java-version,AWS Datapipeline incorrect java version,
"['amazon-web-services', 'amazon-s3', 'amazon-cloudwatch', 'aws-data-pipeline']","{'account_id': 8444396, 'reputation': 75, 'user_id': 6335661, 'user_type': 'registered', 'profile_image': 'https://lh3.googleusercontent.com/-9jQqgf-UmH8/AAAAAAAAAAI/AAAAAAAAAZs/Oc10yUgd6d8/photo.jpg?sz=256', 'display_name': 'Aritra Kundu', 'link': 'https://stackoverflow.com/users/6335661/aritra-kundu'}",True,2917,1,0,1647857270,1532616547,,51541751,CC BY-SA 4.0,https://stackoverflow.com/questions/51541751/alarm-when-object-size-in-s3-bucket-exceeds-threshold,Alarm when object size in S3 bucket exceeds threshold,
"['mysql', 'amazon-web-services', 'amazon-redshift', 'amazon-data-pipeline', 'aws-data-pipeline']","{'account_id': 4531730, 'reputation': 1201, 'user_id': 3681970, 'user_type': 'registered', 'accept_rate': 73, 'profile_image': 'https://www.gravatar.com/avatar/212deb59fc5d8910247e33eb41225d76?s=256&d=identicon&r=PG&f=y&so-version=2', 'display_name': 'user3681970', 'link': 'https://stackoverflow.com/users/3681970/user3681970'}",False,299,1,0,1529567839,1529564824,,50962392,CC BY-SA 4.0,https://stackoverflow.com/questions/50962392/default-datetime-with-aws-data-pipeline,Default datetime with AWS Data Pipeline,
"['amazon-web-services', 'amazon-data-pipeline', 'aws-data-pipeline']","{'account_id': 13601964, 'reputation': 11, 'user_id': 9812396, 'user_type': 'registered', 'profile_image': 'https://www.gravatar.com/avatar/8a84f0fd6824f247a7ec1434f2954cb0?s=256&d=identicon&r=PG&f=y&so-version=2', 'display_name': 'acs', 'link': 'https://stackoverflow.com/users/9812396/acs'}",True,1053,1,0,1526874802,1526679136,,50419526,CC BY-SA 4.0,https://stackoverflow.com/questions/50419526/load-csv-file-from-s3-to-rds-mysql-using-aws-data-pipeline,Load csv file from S3 to RDS Mysql using AWS data pipeline,
"['amazon-web-services', 'amazon-s3', 'amazon-redshift', 'aws-glue', 'aws-data-pipeline']","{'account_id': 3136885, 'reputation': 1334, 'user_id': 2653232, 'user_type': 'registered', 'accept_rate': 67, 'profile_image': 'https://www.gravatar.com/avatar/564cc228ccad9693ce46ab587ddcded9?s=256&d=identicon&r=PG&f=y&so-version=2', 'display_name': 'Spark-Beginner', 'link': 'https://stackoverflow.com/users/2653232/spark-beginner'}",True,7238,2,5,1585961766,1510741425,1585961766.0,47304870,CC BY-SA 4.0,https://stackoverflow.com/questions/47304870/scheduling-data-extraction-from-aws-redshift-to-s3,Scheduling data extraction from AWS Redshift to S3,47318157.0
