tags,owner,is_answered,view_count,answer_count,score,last_activity_date,creation_date,question_id,content_license,link,title,last_edit_date,accepted_answer_id,protected_date
"['airflow', 'great-expectations']","{'account_id': 27364406, 'reputation': 3, 'user_id': 20871507, 'user_type': 'registered', 'profile_image': 'https://www.gravatar.com/avatar/507c628554900c990b1a32303e8c6f5b?s=256&d=identicon&r=PG&f=y&so-version=2', 'display_name': 'Bazilio', 'link': 'https://stackoverflow.com/users/20871507/bazilio'}",False,36,1,0,1692780926,1692774821,76959079,CC BY-SA 4.0,https://stackoverflow.com/questions/76959079/passing-airflow-dag-configuration-values-to-greatexpectationsoperator-tasks,Passing Airflow DAG Configuration Values to GreatExpectationsOperator Tasks,,,
"['sqlalchemy', 'great-expectations', 'pyathena']","{'account_id': 2848840, 'reputation': 5559, 'user_id': 2446466, 'user_type': 'registered', 'accept_rate': 84, 'profile_image': 'https://www.gravatar.com/avatar/e27ebb66b649d535a034e7a8a7fb62a8?s=256&d=identicon&r=PG', 'display_name': 'Muhammad Raihan Muhaimin', 'link': 'https://stackoverflow.com/users/2446466/muhammad-raihan-muhaimin'}",False,39,0,0,1691585521,1691511176,76861403,CC BY-SA 4.0,https://stackoverflow.com/questions/76861403/running-great-expectations-in-aws-athena,Running Great Expectations in AWS Athena,1691585521.0,,
"['pyspark', 'databricks', 'delta-lake', 'great-expectations']","{'account_id': 22693389, 'reputation': 298, 'user_id': 16861953, 'user_type': 'registered', 'profile_image': 'https://www.gravatar.com/avatar/cca672a2e247fe96a8f42fa520bec266?s=256&d=identicon&r=PG&f=y&so-version=2', 'display_name': 'gamezone25', 'link': 'https://stackoverflow.com/users/16861953/gamezone25'}",False,78,0,0,1691399432,1690879246,76809898,CC BY-SA 4.0,https://stackoverflow.com/questions/76809898/great-expectations-bad-performance-on-pyspark-dataframe,Great Expectations bad performance on PySpark DataFrame,1691399432.0,,
"['python-3.x', 'great-expectations']","{'account_id': 28189405, 'reputation': 1, 'user_id': 21545038, 'user_type': 'registered', 'profile_image': 'https://lh3.googleusercontent.com/a/AGNmyxZdTEgbWYGy5eADcvhOK30hFxKoLb2_jEqqyTyg=k-s256', 'display_name': 'Talal Omer Hassan', 'link': 'https://stackoverflow.com/users/21545038/talal-omer-hassan'}",False,35,0,0,1688989056,1688989056,76653349,CC BY-SA 4.0,https://stackoverflow.com/questions/76653349/great-expectation-integration-with-slack,great expectation integration with slack,,,
"['equals', 'pairwise', 'great-expectations', 'expectations']","{'account_id': 26972555, 'reputation': 1, 'user_id': 20538350, 'user_type': 'registered', 'profile_image': 'https://www.gravatar.com/avatar/7548f5bcb02a8df66e09d432e256a32d?s=256&d=identicon&r=PG', 'display_name': 'PalBence', 'link': 'https://stackoverflow.com/users/20538350/palbence'}",False,60,0,0,1687857167,1687857167,76563343,CC BY-SA 4.0,https://stackoverflow.com/questions/76563343/great-expectations-expect-column-pair-values-to-not-be-equal,Great Expectations - expect_column_pair_values_to_not_be_equal,,,
"['python', 'amazon-s3', 'great-expectations']","{'account_id': 18246249, 'reputation': 3, 'user_id': 19770213, 'user_type': 'registered', 'profile_image': 'https://lh3.googleusercontent.com/a-/AOh14GhnbXk4QbVlRfrjNfpcM9qOxH1bE1uW3QbsgxDapQ=k-s256', 'display_name': 'Wild Tarzan', 'link': 'https://stackoverflow.com/users/19770213/wild-tarzan'}",False,78,1,0,1689685104,1686959873,76494162,CC BY-SA 4.0,https://stackoverflow.com/questions/76494162/how-can-i-add-more-than-one-s3-folder-in-greatexpectations-as-my-data-asset,How can I add more than one S3 folder in GreatExpectations as my Data Asset?,,,
"['python', 'databricks', 'great-expectations']","{'account_id': 340794, 'reputation': 12206, 'user_id': 671013, 'user_type': 'registered', 'accept_rate': 50, 'profile_image': 'https://www.gravatar.com/avatar/2d735ca95ae6d53fa8fd9fa79814e514?s=256&d=identicon&r=PG', 'display_name': 'Dror', 'link': 'https://stackoverflow.com/users/671013/dror'}",False,105,0,0,1686041219,1686041219,76412899,CC BY-SA 4.0,https://stackoverflow.com/questions/76412899/unable-to-install-great-expectations-on-a-databricks-notebook-running-python,Unable to install Great Expectations on a Databricks notebook running Python,,,
"['apache-spark', 'pyspark', 'databricks', 'azure-databricks', 'great-expectations']","{'account_id': 28691413, 'reputation': 21, 'user_id': 21970568, 'user_type': 'registered', 'profile_image': 'https://lh3.googleusercontent.com/a/AAcHTtfUFr_sX-XJWrRy9ZZ22ZJBhucrkCGclxIT27-O=k-s256', 'display_name': 'Milind Keer', 'link': 'https://stackoverflow.com/users/21970568/milind-keer'}",False,119,0,2,1685430525,1685189197,76346827,CC BY-SA 4.0,https://stackoverflow.com/questions/76346827/great-expectations-constructor-public-org-apache-spark-sparkconfboolean-is-n,Great_Expectations - Constructor public org.apache.spark.SparkConf(boolean) is not whitelisted,1685430525.0,,
"['python', 'amazon-redshift', 'great-expectations']","{'account_id': 1708006, 'reputation': 698, 'user_id': 1566682, 'user_type': 'registered', 'accept_rate': 50, 'profile_image': 'https://www.gravatar.com/avatar/e9f29d52d4ccf44ad1644995190da6ba?s=256&d=identicon&r=PG', 'display_name': 'Bill', 'link': 'https://stackoverflow.com/users/1566682/bill'}",True,110,1,0,1684801319,1684522639,76291801,CC BY-SA 4.0,https://stackoverflow.com/questions/76291801/great-expectations-using-schema-name-in-query-for-redshift,Great Expectations using schema name in query for Redshift,,76310600.0,
"['pandas', 'pyspark', 'databricks', 'azure-databricks', 'great-expectations']","{'account_id': 28607044, 'reputation': 3, 'user_id': 21902784, 'user_type': 'registered', 'profile_image': 'https://www.gravatar.com/avatar/8c98330296328a6da28e378a8562a571?s=256&d=identicon&r=PG&f=y&so-version=2', 'display_name': 'yuki', 'link': 'https://stackoverflow.com/users/21902784/yuki'}",True,161,1,0,1684303406,1684172684,76256676,CC BY-SA 4.0,https://stackoverflow.com/questions/76256676/conditional-expectations-contains-like-functionality-and-error-great-expectatio,Conditional Expectations contains/like functionality and error (great expectations),1684173595.0,76268978.0,
"['python', 'importerror', 'great-expectations']","{'account_id': 7019422, 'reputation': 1863, 'user_id': 5379479, 'user_type': 'registered', 'accept_rate': 93, 'profile_image': 'https://i.stack.imgur.com/pyxkT.jpg?s=256&g=1', 'display_name': 'Jed', 'link': 'https://stackoverflow.com/users/5379479/jed'}",False,242,0,0,1683844685,1683844685,76232039,CC BY-SA 4.0,https://stackoverflow.com/questions/76232039/importerror-from-great-expectations,ImportError from Great Expectations,,,
"['azure-data-lake', 'azure-data-lake-gen2', 'great-expectations']","{'account_id': 13631339, 'reputation': 377, 'user_id': 9833349, 'user_type': 'registered', 'profile_image': 'https://lh3.googleusercontent.com/-XdUIqdMkCWA/AAAAAAAAAAI/AAAAAAAAAAA/4252rscbv5M/photo.jpg?sz=256', 'display_name': 'Toivo Mattila', 'link': 'https://stackoverflow.com/users/9833349/toivo-mattila'}",True,185,1,0,1683011780,1682602161,76120999,CC BY-SA 4.0,https://stackoverflow.com/questions/76120999/error-when-using-great-expectations-to-read-csv-from-azure-data-lake-typeerror,Error when using Great Expectations to read CSV from Azure Data Lake: TypeError: read_csv() got an unexpected keyword argument &#39;connect_options&#39;,,76152540.0,
"['python', 'great-expectations']","{'account_id': 1941660, 'reputation': 619, 'user_id': 1747743, 'user_type': 'registered', 'accept_rate': 29, 'profile_image': 'https://www.gravatar.com/avatar/2dc47a280d2a3a680e54bcad9a804a53?s=256&d=identicon&r=PG', 'display_name': 'BuahahaXD', 'link': 'https://stackoverflow.com/users/1747743/buahahaxd'}",True,361,2,2,1680738133,1679826155,75847136,CC BY-SA 4.0,https://stackoverflow.com/questions/75847136/cannot-run-great-expectations-quickstart,Cannot run Great Expectations quickstart,,,
"['azure-databricks', 'spark-structured-streaming', 'great-expectations', 'data-quality', 'databricks-autoloader']","{'account_id': 1184111, 'reputation': 1407, 'user_id': 1158427, 'user_type': 'registered', 'accept_rate': 31, 'profile_image': 'https://i.stack.imgur.com/Kh6SR.jpg?s=256&g=1', 'display_name': 'Chhaya Vishwakarma', 'link': 'https://stackoverflow.com/users/1158427/chhaya-vishwakarma'}",True,465,1,1,1678671881,1678446733,75695419,CC BY-SA 4.0,https://stackoverflow.com/questions/75695419/using-great-expectations-with-databricks-autolaoder,Using great expectations with databricks autolaoder,1678636211.0,,
"['validation', 'snowflake-cloud-data-platform', 'great-expectations']","{'account_id': 19116925, 'reputation': 117, 'user_id': 13961615, 'user_type': 'registered', 'profile_image': 'https://i.stack.imgur.com/nX2d2.jpg?s=256&g=1', 'display_name': 'unkind58', 'link': 'https://stackoverflow.com/users/13961615/unkind58'}",True,166,1,0,1690952827,1678374820,75686538,CC BY-SA 4.0,https://stackoverflow.com/questions/75686538/how-to-configure-a-great-expectations-validation-result-store-to-snowflake,How to configure a Great Expectations [Validation Result Store] to Snowflake,,76814945.0,
"['google-bigquery', 'great-expectations']","{'account_id': 368, 'reputation': 44045, 'user_id': 459, 'user_type': 'registered', 'accept_rate': 81, 'profile_image': 'https://www.gravatar.com/avatar/0db193fbf6f0929c49dd9704698204ff?s=256&d=identicon&r=PG', 'display_name': 'dlamblin', 'link': 'https://stackoverflow.com/users/459/dlamblin'}",False,305,1,4,1678752830,1677804105,75622192,CC BY-SA 4.0,https://stackoverflow.com/questions/75622192/how-can-i-force-a-partition-filter-to-be-added-to-a-great-expectations-dataset,How can I force a partition filter to be added to a Great Expectations dataset?,,,
['great-expectations'],"{'account_id': 5508973, 'reputation': 2358, 'user_id': 4375983, 'user_type': 'registered', 'accept_rate': 93, 'profile_image': 'https://www.gravatar.com/avatar/ad316b0d028c098489d7ddcdff4fc7fb?s=256&d=identicon&r=PG&f=y&so-version=2', 'display_name': 'Imad', 'link': 'https://stackoverflow.com/users/4375983/imad'}",True,158,1,1,1679049005,1677262880,75560100,CC BY-SA 4.0,https://stackoverflow.com/questions/75560100/great-expectations-userconfigurableprofiler-raises-a-metricresolutionerror-unh,Great expectations: UserConfigurableProfiler raises a MetricResolutionError: unhashable type: &#39;dict&#39;,1677507320.0,75766524.0,
['great-expectations'],"{'account_id': 5508973, 'reputation': 2358, 'user_id': 4375983, 'user_type': 'registered', 'accept_rate': 93, 'profile_image': 'https://www.gravatar.com/avatar/ad316b0d028c098489d7ddcdff4fc7fb?s=256&d=identicon&r=PG&f=y&so-version=2', 'display_name': 'Imad', 'link': 'https://stackoverflow.com/users/4375983/imad'}",False,98,1,0,1677143258,1677081751,75535270,CC BY-SA 4.0,https://stackoverflow.com/questions/75535270/how-to-create-a-batchrequest-that-returned-a-specific-batch,How to create a `BatchRequest` that returned a specific batch?,,,
['great-expectations'],"{'account_id': 16467699, 'reputation': 1, 'user_id': 11897470, 'user_type': 'registered', 'profile_image': 'https://lh4.googleusercontent.com/-hdivEQiawRk/AAAAAAAAAAI/AAAAAAAABm8/EhxgSSr4o1U/photo.jpg?sz=256', 'display_name': 'manas swami', 'link': 'https://stackoverflow.com/users/11897470/manas-swami'}",False,192,1,0,1686687435,1676378786,75448052,CC BY-SA 4.0,https://stackoverflow.com/questions/75448052/great-expectations-expect-values-to-match-regex-rule-gives-out-error-for-all-re,Great Expectations: expect_values_to_match_regex rule gives out error for all regex,,,
"['great-expectations', 'dagster']","{'account_id': 5508973, 'reputation': 2358, 'user_id': 4375983, 'user_type': 'registered', 'accept_rate': 93, 'profile_image': 'https://www.gravatar.com/avatar/ad316b0d028c098489d7ddcdff4fc7fb?s=256&d=identicon&r=PG&f=y&so-version=2', 'display_name': 'Imad', 'link': 'https://stackoverflow.com/users/4375983/imad'}",True,274,1,0,1676328630,1676285455,75434895,CC BY-SA 4.0,https://stackoverflow.com/questions/75434895/how-to-use-dagster-with-great-expectations,How to use dagster with great expectations?,1676286044.0,,
"['snowflake-cloud-data-platform', 'great-expectations']","{'account_id': 12680530, 'reputation': 1, 'user_id': 9214421, 'user_type': 'registered', 'profile_image': 'https://www.gravatar.com/avatar/d48717af22dfd995fbd785fffb4cdc3f?s=256&d=identicon&r=PG&f=y&so-version=2', 'display_name': 'canuckdownunder', 'link': 'https://stackoverflow.com/users/9214421/canuckdownunder'}",False,190,0,0,1675835937,1675835040,75381767,CC BY-SA 4.0,https://stackoverflow.com/questions/75381767/how-to-set-up-a-conditional-expectations-for-snowflake-with-great-expectations,How to set up a conditional expectations for Snowflake with Great Expectations?,1675835777.0,,
"['python', 'pandas', 'dataframe', 'databricks', 'great-expectations']","{'account_id': 5931930, 'reputation': 17, 'user_id': 4666117, 'user_type': 'registered', 'profile_image': 'https://lh5.googleusercontent.com/-k6xg52O877w/AAAAAAAAAAI/AAAAAAAAApI/CaQMVM6j8ZY/photo.jpg?sz=256', 'display_name': 'Dasa Sathyan', 'link': 'https://stackoverflow.com/users/4666117/dasa-sathyan'}",False,83,0,0,1675748118,1675748118,75369268,CC BY-SA 4.0,https://stackoverflow.com/questions/75369268/row-condition-based-on-length-of-a-column-great-expectations,row_condition based on length of a column great expectations,,,
"['python', 'amazon-s3', 'great-expectations']","{'account_id': 452055, 'reputation': 11746, 'user_id': 848277, 'user_type': 'registered', 'accept_rate': 91, 'profile_image': 'https://www.gravatar.com/avatar/d5cdc781dc896e21c88f1cd5ad1cc6b1?s=256&d=identicon&r=PG', 'display_name': 'pyCthon', 'link': 'https://stackoverflow.com/users/848277/pycthon'}",False,50,0,0,1674670443,1674663829,75236916,CC BY-SA 4.0,https://stackoverflow.com/questions/75236916/tag-great-expectation-results,Tag great expectation results,1674670443.0,,
"['python', 'pip', 'great-expectations']","{'account_id': 26165439, 'reputation': 36, 'user_id': 19851338, 'user_type': 'registered', 'profile_image': 'https://lh3.googleusercontent.com/a-/AFdZucqbfW9LlSTLyg-cdvwZtOKr2lyclLhGiTHMpZFU9g=k-s256', 'display_name': 'Dinesh___Reddy', 'link': 'https://stackoverflow.com/users/19851338/dinesh-reddy'}",True,170,1,1,1674642992,1674642797,75232667,CC BY-SA 4.0,https://stackoverflow.com/questions/75232667/getting-error-while-installing-the-great-exepectation-tool-in-local,Getting error while installing the great exepectation tool in local,,,
"['jupyter-notebook', 'windows-subsystem-for-linux', 'wsl-2', 'great-expectations']","{'account_id': 5508973, 'reputation': 2358, 'user_id': 4375983, 'user_type': 'registered', 'accept_rate': 93, 'profile_image': 'https://www.gravatar.com/avatar/ad316b0d028c098489d7ddcdff4fc7fb?s=256&d=identicon&r=PG&f=y&so-version=2', 'display_name': 'Imad', 'link': 'https://stackoverflow.com/users/4375983/imad'}",True,202,1,0,1692626214,1674467274,75207783,CC BY-SA 4.0,https://stackoverflow.com/questions/75207783/greatexpectations-data-docs-tutorial-fail-to-work-correctly-on-wsl2,GreatExpectations&#39; data_docs (tutorial) fail to work correctly on WSL2,,,
"['python', 'pandas', 'great-expectations']","{'account_id': 23453249, 'reputation': 40, 'user_id': 18429772, 'user_type': 'registered', 'profile_image': 'https://www.gravatar.com/avatar/078e207b9ae7c7ed88609426d904ae76?s=256&d=identicon&r=PG', 'display_name': 'Elis', 'link': 'https://stackoverflow.com/users/18429772/elis'}",True,220,1,0,1674062039,1674060046,75162482,CC BY-SA 4.0,https://stackoverflow.com/questions/75162482/cant-get-expect-table-columns-to-match-set-to-work,Can&#39;t get expect_table_columns_to_match_set to work,,75162889.0,
"['python', 'pandas', 'dataframe', 'great-expectations']","{'account_id': 23453249, 'reputation': 40, 'user_id': 18429772, 'user_type': 'registered', 'profile_image': 'https://www.gravatar.com/avatar/078e207b9ae7c7ed88609426d904ae76?s=256&d=identicon&r=PG', 'display_name': 'Elis', 'link': 'https://stackoverflow.com/users/18429772/elis'}",True,509,1,4,1674704767,1674053548,75161099,CC BY-SA 4.0,https://stackoverflow.com/questions/75161099/using-great-expectations-with-index-of-pandas-data-frame,Using Great Expectations with index of pandas data frame,1674563688.0,75221568.0,
"['databricks', 'delta-lake', 'great-expectations', 'data-quality']","{'account_id': 13944826, 'reputation': 61, 'user_id': 10069819, 'user_type': 'registered', 'profile_image': 'https://www.gravatar.com/avatar/e61a59dcb7509e8b8bc0865b3df34f34?s=256&d=identicon&r=PG&f=y&so-version=2', 'display_name': 'S.Dasgupta', 'link': 'https://stackoverflow.com/users/10069819/s-dasgupta'}",False,344,1,0,1674831055,1673854059,75131262,CC BY-SA 4.0,https://stackoverflow.com/questions/75131262/great-expectation-with-delta-table,great expectation with delta table,1673954963.0,,
"['python', 'great-expectations']","{'account_id': 13901521, 'reputation': 1185, 'user_id': 10037034, 'user_type': 'registered', 'profile_image': 'https://lh5.googleusercontent.com/-3uWGEEAh9Xg/AAAAAAAAAAI/AAAAAAAAAAc/AerrmoOrjqM/photo.jpg?sz=256', 'display_name': 'Sevval Kahraman', 'link': 'https://stackoverflow.com/users/10037034/sevval-kahraman'}",False,277,0,3,1672316043,1672316043,74950971,CC BY-SA 4.0,https://stackoverflow.com/questions/74950971/how-to-solve-great-expectations-metricresolutionerror-cannot-compile-column-ob,How to solve great expectations &quot;MetricResolutionError: Cannot compile Column object until its &#39;name&#39; is assigned.&quot; Error?,,,
"['python', 'amazon-emr', 'great-expectations']","{'account_id': 10771679, 'reputation': 35, 'user_id': 7925000, 'user_type': 'registered', 'profile_image': 'https://www.gravatar.com/avatar/1fd7f7bb61ef0fe3bcbf5aa4cd1fc15d?s=256&d=identicon&r=PG&f=y&so-version=2', 'display_name': 'Liu Piu', 'link': 'https://stackoverflow.com/users/7925000/liu-piu'}",False,156,2,-1,1672226614,1672139307,74928537,CC BY-SA 4.0,https://stackoverflow.com/questions/74928537/great-expectations-installation-to-aws-emr,Great expectations installation to AWS EMR,,,
"['python', 'great-expectations']","{'account_id': 15939851, 'reputation': 31, 'user_id': 11501925, 'user_type': 'registered', 'profile_image': 'https://i.stack.imgur.com/2Kl3f.png?s=256&g=1', 'display_name': 'Fabian Matias Vega Alcota', 'link': 'https://stackoverflow.com/users/11501925/fabian-matias-vega-alcota'}",False,254,1,0,1671799941,1671722570,74890563,CC BY-SA 4.0,https://stackoverflow.com/questions/74890563/great-expectation-error-keyerror-neither-config-nor-config-defaults,Great Expectation - Error: KeyError: &quot;Neither config : {...} nor config_defaults : {} contains a class_name key.&quot;,,,
"['python', 'pandas', 'great-expectations']","{'account_id': 27326563, 'reputation': 1, 'user_id': 20839450, 'user_type': 'registered', 'profile_image': 'https://www.gravatar.com/avatar/d29d6e5575c2afd037ee92028581928c?s=256&d=identicon&r=PG', 'display_name': 'James Challis', 'link': 'https://stackoverflow.com/users/20839450/james-challis'}",False,390,1,0,1671974637,1671710846,74888298,CC BY-SA 4.0,https://stackoverflow.com/questions/74888298/great-expectations-generating-data-doc-without-cli-on-in-memory-pandas-datafra,Great Expectations â€“ Generating Data Doc Without CLI on In-Memory Pandas Dataframe,,,
"['snowflake-cloud-data-platform', 'great-expectations']","{'account_id': 97313, 'reputation': 6301, 'user_id': 264028, 'user_type': 'registered', 'accept_rate': 75, 'profile_image': 'https://www.gravatar.com/avatar/36f7ac943f58da8554cf331110f3305d?s=256&d=identicon&r=PG', 'display_name': 'Joaqu&#237;n L. Robles', 'link': 'https://stackoverflow.com/users/264028/joaqu%c3%adn-l-robles'}",True,289,1,0,1675258303,1671568208,74868585,CC BY-SA 4.0,https://stackoverflow.com/questions/74868585/case-sensitive-table-column-names-in-snowflake-datasource-for-great-expectations,Case sensitive table/column names in Snowflake datasource for Great Expectations,,75310940.0,
"['python', 'airflow', 'kedro', 'great-expectations']","{'account_id': 10698649, 'reputation': 43, 'user_id': 7874825, 'user_type': 'registered', 'profile_image': 'https://i.stack.imgur.com/zziIx.jpg?s=256&g=1', 'display_name': 'Dhaval Thakkar', 'link': 'https://stackoverflow.com/users/7874825/dhaval-thakkar'}",True,528,2,2,1671624983,1671550127,74865372,CC BY-SA 4.0,https://stackoverflow.com/questions/74865372/how-to-use-kedro-with-great-expectations,How to use Kedro with Great-expectations?,1671616933.0,,
"['python', 'jupyter', 'great-expectations']","{'account_id': 11371269, 'reputation': 11, 'user_id': 8336780, 'user_type': 'registered', 'profile_image': 'https://www.gravatar.com/avatar/17965d46960c20bbaf9e30bf7bc35407?s=256&d=identicon&r=PG&f=y&so-version=2', 'display_name': 'Jaehaerys68', 'link': 'https://stackoverflow.com/users/8336780/jaehaerys68'}",True,1989,1,0,1677079075,1671537078,74862699,CC BY-SA 4.0,https://stackoverflow.com/questions/74862699/importerror-cannot-import-name-device-from-partially-initialized-module-zmq,ImportError: cannot import name &#39;_device&#39; from partially initialized module &#39;zmq.backend.cython&#39;,,,
"['python', 'pandas', 'great-expectations']","{'account_id': 1150307, 'reputation': 547, 'user_id': 1132175, 'user_type': 'registered', 'accept_rate': 67, 'profile_image': 'https://www.gravatar.com/avatar/6d525495182daf1d417f6f5ba60091f3?s=256&d=identicon&r=PG', 'display_name': 'Jorge Cespedes', 'link': 'https://stackoverflow.com/users/1132175/jorge-cespedes'}",False,136,0,0,1670509254,1670509254,74731703,CC BY-SA 4.0,https://stackoverflow.com/questions/74731703/great-expectations-why-does-profiler-throws-error-up-to-0-15-18-but-not-later,Great expectations: why does profiler throws error up to 0.15.18 but not later?,,,
"['python', 'pandas-profiling', 'great-expectations']","{'account_id': 27043888, 'reputation': 33, 'user_id': 20598355, 'user_type': 'registered', 'profile_image': 'https://www.gravatar.com/avatar/c125d1513deee0c604ebc50b0cae0e71?s=256&d=identicon&r=PG', 'display_name': 'HenrikS', 'link': 'https://stackoverflow.com/users/20598355/henriks'}",False,376,0,3,1669375264,1669375264,74572044,CC BY-SA 4.0,https://stackoverflow.com/questions/74572044/how-to-create-a-great-expectations-suite-from-a-pandas-profiling-report,How to create a Great Expectations Suite from a Pandas Profiling Report,,,
"['python', 'great-expectations']","{'account_id': 4737034, 'reputation': 3136, 'user_id': 3831137, 'user_type': 'registered', 'accept_rate': 90, 'profile_image': 'https://www.gravatar.com/avatar/003fb1957645dee7fb26a2e26b88bc66?s=256&d=identicon&r=PG&f=y&so-version=2', 'display_name': 'THIS USER NEEDS HELP', 'link': 'https://stackoverflow.com/users/3831137/this-user-needs-help'}",True,925,1,3,1670388092,1668729054,74483457,CC BY-SA 4.0,https://stackoverflow.com/questions/74483457/check-column-names-and-column-types-in-great-expectations,Check column names and column types in Great Expectations,,74700604.0,1670275088.0
"['validation', 'great-expectations']","{'account_id': 25325751, 'reputation': 51, 'user_id': 19146435, 'user_type': 'registered', 'profile_image': 'https://www.gravatar.com/avatar/c716f69ab55e866974db22c389e380f0?s=256&d=identicon&r=PG&f=y&so-version=2', 'display_name': 'Ariadna', 'link': 'https://stackoverflow.com/users/19146435/ariadna'}",False,623,0,5,1691585376,1667926834,74364505,CC BY-SA 4.0,https://stackoverflow.com/questions/74364505/create-expectation-suite-without-cli,Create expectation suite without CLI,,,
"['python', 'azure', 'great-expectations']","{'account_id': 17140129, 'reputation': 93, 'user_id': 14319356, 'user_type': 'registered', 'profile_image': 'https://lh4.googleusercontent.com/-9wkZKiePsmU/AAAAAAAAAAI/AAAAAAAAAAA/ACHi3rdkkG1Cw49rqqkhkzb_5YkW3JLNRw/photo.jpg?sz=256', 'display_name': 'DoubleSteakHouse', 'link': 'https://stackoverflow.com/users/14319356/doublesteakhouse'}",False,478,0,4,1667574664,1667574664,74319157,CC BY-SA 4.0,https://stackoverflow.com/questions/74319157/batch-request-returns-empty-list-with-inferredassetazuredataconnector-in-great-e,Batch Request returns empty list with InferredAssetAzureDataConnector in Great Expectations,,,
"['python', 'validation', 'yaml', 'great-expectations']","{'account_id': 13014449, 'reputation': 63, 'user_id': 9406253, 'user_type': 'registered', 'profile_image': 'https://lh5.googleusercontent.com/-D6XN-VUelD4/AAAAAAAAAAI/AAAAAAAAA08/Bey5lZUibe4/photo.jpg?sz=256', 'display_name': 'Stod', 'link': 'https://stackoverflow.com/users/9406253/stod'}",False,645,0,2,1684264306,1667511653,74309832,CC BY-SA 4.0,https://stackoverflow.com/questions/74309832/great-expectations-validator-and-checkpoint-only-seem-to-process-a-single-file,"Great Expectations Validator and Checkpoint only seem to process a single file, not all in the Data Asset",,,
"['python', 'docker', 'dockerfile', 'great-expectations', 'python-docker']","{'account_id': 7272621, 'reputation': 1, 'user_id': 5545082, 'user_type': 'registered', 'profile_image': 'https://lh6.googleusercontent.com/-zXa2-JcGTUk/AAAAAAAAAAI/AAAAAAAAAVY/xZgkiHi8qhU/photo.jpg?sz=256', 'display_name': 'Timmy Beatty', 'link': 'https://stackoverflow.com/users/5545082/timmy-beatty'}",True,466,3,0,1691681505,1667491473,74306129,CC BY-SA 4.0,https://stackoverflow.com/questions/74306129/how-does-one-run-great-expectations-from-docker-using-a-dockerfile-to-build-the,How does one run Great Expectations from Docker using a Dockerfile to build the image,,74309350.0,
"['amazon-dynamodb', 'last-modified', 'rowcount', 'great-expectations']","{'account_id': 24470732, 'reputation': 13, 'user_id': 18390511, 'user_type': 'registered', 'profile_image': 'https://lh3.googleusercontent.com/a/AATXAJxJjRH518GCcqgqHtGvrewYcSAbRMzcqLbx3U0O=k-s256', 'display_name': 'Fortune Musara', 'link': 'https://stackoverflow.com/users/18390511/fortune-musara'}",False,385,0,0,1667210432,1667206860,74260891,CC BY-SA 4.0,https://stackoverflow.com/questions/74260891/great-expectations-result-validation-for-row-count-and-column-freshness,Great Expectations - Result validation for row_count and column_freshness,1667210432.0,,
"['data-quality', 'great-expectations']","{'account_id': 3102821, 'reputation': 4443, 'user_id': 2626491, 'user_type': 'registered', 'accept_rate': 77, 'profile_image': 'https://i.stack.imgur.com/UUSae.jpg?s=256&g=1', 'display_name': 'Alex Woolford', 'link': 'https://stackoverflow.com/users/2626491/alex-woolford'}",False,333,0,1,1666310979,1666193625,74128105,CC BY-SA 4.0,https://stackoverflow.com/questions/74128105/how-can-i-specify-a-different-database-and-schema-to-create-temporary-tables-in,how can I specify a different database and schema to create temporary tables in Great Expectations?,1666310979.0,,
"['python', 'data-quality', 'great-expectations']","{'account_id': 19260013, 'reputation': 355, 'user_id': 14076103, 'user_type': 'registered', 'profile_image': 'https://www.gravatar.com/avatar/d7598eb7d6b8e1c39a5f5485e08092ff?s=256&d=identicon&r=PG&f=y&so-version=2', 'display_name': 'code_bug', 'link': 'https://stackoverflow.com/users/14076103/code-bug'}",False,352,1,1,1665402347,1665129647,73984122,CC BY-SA 4.0,https://stackoverflow.com/questions/73984122/python-great-expectation-compatible-with-pyspark,python great expectation compatible with pyspark,,,
"['python', 'data-quality', 'great-expectations']","{'account_id': 19260013, 'reputation': 355, 'user_id': 14076103, 'user_type': 'registered', 'profile_image': 'https://www.gravatar.com/avatar/d7598eb7d6b8e1c39a5f5485e08092ff?s=256&d=identicon&r=PG&f=y&so-version=2', 'display_name': 'code_bug', 'link': 'https://stackoverflow.com/users/14076103/code-bug'}",False,181,0,0,1665038064,1665038064,73969495,CC BY-SA 4.0,https://stackoverflow.com/questions/73969495/python-great-expectations-memory-error-for-unique-check,python Great Expectations memory error for unique check,,,
['great-expectations'],"{'account_id': 8709611, 'reputation': 616, 'user_id': 6516240, 'user_type': 'registered', 'accept_rate': 67, 'profile_image': 'https://lh3.googleusercontent.com/-xF2Uh_PvNOM/AAAAAAAAAAI/AAAAAAAAADk/Yj0xbysl7CY/photo.jpg?sz=256', 'display_name': 'Adil Blanco', 'link': 'https://stackoverflow.com/users/6516240/adil-blanco'}",False,780,0,1,1665149496,1664928419,73954759,CC BY-SA 4.0,https://stackoverflow.com/questions/73954759/great-expectations-how-to-connect-to-data-stored-in-s3,Great-Expectations: How to connect to data stored in S3,1664935898.0,,
['great-expectations'],"{'account_id': 9980266, 'reputation': 68, 'user_id': 7383450, 'user_type': 'registered', 'profile_image': 'https://lh4.googleusercontent.com/-6ZsdQtQx96I/AAAAAAAAAAI/AAAAAAAAACg/xPDvW9EPzwM/photo.jpg?sz=256', 'display_name': 'Gitesh Shinde', 'link': 'https://stackoverflow.com/users/7383450/gitesh-shinde'}",False,256,0,0,1663310163,1663310163,73740814,CC BY-SA 4.0,https://stackoverflow.com/questions/73740814/custom-great-expectations-rule,Custom great expectations rule,,,
"['python', 'great-expectations']","{'account_id': 6711590, 'reputation': 1281, 'user_id': 5174825, 'user_type': 'registered', 'profile_image': 'https://www.gravatar.com/avatar/1429f61a706138ee6ded1610016039d6?s=256&d=identicon&r=PG&f=y&so-version=2', 'display_name': 'josephkibe', 'link': 'https://stackoverflow.com/users/5174825/josephkibe'}",False,232,0,3,1663260796,1663260796,73734860,CC BY-SA 4.0,https://stackoverflow.com/questions/73734860/how-do-i-disable-ssl-for-a-great-expectations-connection-configuration,How do I disable SSL for a Great Expectations connection configuration?,,,
"['databricks', 'azure-databricks', 'great-expectations']","{'account_id': 10421616, 'reputation': 4085, 'user_id': 11061080, 'user_type': 'registered', 'profile_image': 'https://www.gravatar.com/avatar/a029507ead9bada06a474176dc2e9d3b?s=256&d=identicon&r=PG&f=y&so-version=2', 'display_name': 'SeleniumUser', 'link': 'https://stackoverflow.com/users/11061080/seleniumuser'}",True,1280,1,1,1684302665,1662126185,73583508,CC BY-SA 4.0,https://stackoverflow.com/questions/73583508/how-to-open-index-html-file-in-databricks-or-browser,How to open index.html file in databricks or browser?,1662146635.0,73584074.0,
"['pyspark', 'great-expectations']","{'account_id': 5677276, 'reputation': 152, 'user_id': 4489952, 'user_type': 'registered', 'profile_image': 'https://www.gravatar.com/avatar/3377ec56881c0970e672e45b73ebd7f2?s=256&d=identicon&r=PG&f=y&so-version=2', 'display_name': 'Heether', 'link': 'https://stackoverflow.com/users/4489952/heether'}",False,303,1,3,1680164514,1661191588,73449315,CC BY-SA 4.0,https://stackoverflow.com/questions/73449315/creating-expectation-suite-using-rule-based-profilers-in-great-expectation,Creating Expectation suite using Rule based profilers in Great Expectation,1661236984.0,,
"['python-3.x', 'great-expectations']","{'account_id': 10421616, 'reputation': 4085, 'user_id': 11061080, 'user_type': 'registered', 'profile_image': 'https://www.gravatar.com/avatar/a029507ead9bada06a474176dc2e9d3b?s=256&d=identicon&r=PG&f=y&so-version=2', 'display_name': 'SeleniumUser', 'link': 'https://stackoverflow.com/users/11061080/seleniumuser'}",True,500,1,1,1665569313,1660747950,73390622,CC BY-SA 4.0,https://stackoverflow.com/questions/73390622/creating-an-expectation-suite-with-an-automated-profiler-great-expectation,Creating an Expectation Suite With an Automated Profiler Great Expectation,,74040063.0,
"['python', 'python-3.x', 'azure', 'azure-databricks', 'great-expectations']","{'account_id': 25985750, 'reputation': 11, 'user_id': 19698753, 'user_type': 'registered', 'profile_image': 'https://lh3.googleusercontent.com/a/AItbvmlJZjaL2-HDeOYdTuksunR6MQU7ZXv0fyhG-arM=k-s256', 'display_name': 'Vipin Dahake', 'link': 'https://stackoverflow.com/users/19698753/vipin-dahake'}",False,638,1,1,1664896411,1660218650,73320178,CC BY-SA 4.0,https://stackoverflow.com/questions/73320178/great-expectation-with-azure-and-databricks,Great Expectation with Azure and Databricks,1663691045.0,,
"['pyspark', 'great-expectations']","{'account_id': 15442079, 'reputation': 4460, 'user_id': 11140326, 'user_type': 'registered', 'profile_image': 'https://lh5.googleusercontent.com/-rzpGCDuEM1s/AAAAAAAAAAI/AAAAAAAAAAA/ACHi3rduFChiWPaOnpG1LCAqdahP2HNkmw/mo/photo.jpg?sz=256', 'display_name': 'ollik1', 'link': 'https://stackoverflow.com/users/11140326/ollik1'}",True,675,1,0,1660189366,1660131983,73305725,CC BY-SA 4.0,https://stackoverflow.com/questions/73305725/programmatic-configuration-for-great-expectations,Programmatic configuration for Great Expectations,,73315031.0,
"['airflow', 'data-quality', 'great-expectations']","{'account_id': 10012001, 'reputation': 140, 'user_id': 7404580, 'user_type': 'registered', 'profile_image': 'https://graph.facebook.com/10210163356894013/picture?type=large', 'display_name': 'Itai Sevitt', 'link': 'https://stackoverflow.com/users/7404580/itai-sevitt'}",False,203,1,0,1660867539,1659970991,73280033,CC BY-SA 4.0,https://stackoverflow.com/questions/73280033/provide-aws-credentials-to-airflow-greatexpectationsoperator,Provide aws credentials to Airflow GreatExpectationsOperator,1659971754.0,,
"['python', 'great-expectations']","{'account_id': 460105, 'reputation': 3327, 'user_id': 860991, 'user_type': 'registered', 'accept_rate': 54, 'profile_image': 'https://i.stack.imgur.com/pnhy2.png?s=256&g=1', 'display_name': 'femibyte', 'link': 'https://stackoverflow.com/users/860991/femibyte'}",False,433,1,0,1657997688,1657723913,72968317,CC BY-SA 4.0,https://stackoverflow.com/questions/72968317/specifying-evaluation-parameters-for-expectationconfiguration-object-in-great-ex,Specifying evaluation parameters for ExpectationConfiguration object in Great Expectations,,,
"['python-3.x', 'pyspark', 'databricks', 'great-expectations']","{'account_id': 8849821, 'reputation': 586, 'user_id': 6609482, 'user_type': 'registered', 'profile_image': 'https://www.gravatar.com/avatar/b9e92456a263a7dd3ad4858304ec11ad?s=256&d=identicon&r=PG&f=y&so-version=2', 'display_name': 'macdrai', 'link': 'https://stackoverflow.com/users/6609482/macdrai'}",False,577,1,2,1657555898,1657554281,72941199,CC BY-SA 4.0,https://stackoverflow.com/questions/72941199/great-expectation-and-spark-get-full-list-of-include-unexpected-rows,Great Expectation and Spark : get full list of include_unexpected_rows,,,
"['apache-spark', 'validation', 'great-expectations']","{'account_id': 2594836, 'reputation': 1468, 'user_id': 2248761, 'user_type': 'registered', 'accept_rate': 0, 'profile_image': 'https://www.gravatar.com/avatar/3d3a3162e60caea000e7fabcc8675ca1?s=256&d=identicon&r=PG', 'display_name': 'sunitha', 'link': 'https://stackoverflow.com/users/2248761/sunitha'}",True,490,1,2,1657555316,1657532312,72936469,CC BY-SA 4.0,https://stackoverflow.com/questions/72936469/python-great-expectation-with-spark-get-result-for-each-row,Python great expectation with Spark : Get result for each row,,,
"['python', 'apache-spark', 'great-expectations']","{'account_id': 4846374, 'reputation': 2533, 'user_id': 3909896, 'user_type': 'registered', 'accept_rate': 100, 'profile_image': 'https://i.stack.imgur.com/JE3ys.jpg?s=256&g=1', 'display_name': 'Cribber', 'link': 'https://stackoverflow.com/users/3909896/cribber'}",True,157,1,0,1657115445,1657022251,72869043,CC BY-SA 4.0,https://stackoverflow.com/questions/72869043/adding-jars-to-the-great-expectations-spark-session,Adding jars to the great_expectations&#39; spark session,,72884768.0,
"['python', 'great-expectations']","{'account_id': 4846374, 'reputation': 2533, 'user_id': 3909896, 'user_type': 'registered', 'accept_rate': 100, 'profile_image': 'https://i.stack.imgur.com/JE3ys.jpg?s=256&g=1', 'display_name': 'Cribber', 'link': 'https://stackoverflow.com/users/3909896/cribber'}",True,368,1,0,1660205489,1656941135,72857502,CC BY-SA 4.0,https://stackoverflow.com/questions/72857502/great-expectations-create-datasource-of-csv-files-on-adls-gen2,great_expectations create datasource of csv files on ADLS Gen2,1657268780.0,72869059.0,
"['python-3.x', 'data-quality', 'great-expectations']","{'account_id': 9156798, 'reputation': 529, 'user_id': 6809520, 'user_type': 'registered', 'profile_image': 'https://www.gravatar.com/avatar/aebcbefc9282d1a443a29e3c74998e52?s=256&d=identicon&r=PG&f=y&so-version=2', 'display_name': 'aprospero', 'link': 'https://stackoverflow.com/users/6809520/aprospero'}",False,306,0,1,1654698001,1654698001,72547379,CC BY-SA 4.0,https://stackoverflow.com/questions/72547379/display-whole-rows-in-great-expectations-dashboard,Display whole rows in great_expectations dashboard,,,
"['dbt', 'great-expectations']","{'account_id': 16230845, 'reputation': 312, 'user_id': 11971788, 'user_type': 'registered', 'profile_image': 'https://www.gravatar.com/avatar/9b2a7722cf4af37453007495fa92bcb6?s=256&d=identicon&r=PG', 'display_name': 'steve76', 'link': 'https://stackoverflow.com/users/11971788/steve76'}",True,557,1,1,1655094266,1654365148,72501937,CC BY-SA 4.0,https://stackoverflow.com/questions/72501937/great-expectations-row-based-dimensions,Great Expectations Row Based Dimensions,,72597744.0,
"['python', 'pyspark', 'apache-spark-sql', 'data-quality', 'great-expectations']","{'account_id': 19260013, 'reputation': 355, 'user_id': 14076103, 'user_type': 'registered', 'profile_image': 'https://www.gravatar.com/avatar/d7598eb7d6b8e1c39a5f5485e08092ff?s=256&d=identicon&r=PG&f=y&so-version=2', 'display_name': 'code_bug', 'link': 'https://stackoverflow.com/users/14076103/code-bug'}",True,994,2,0,1654103993,1654067463,72457676,CC BY-SA 4.0,https://stackoverflow.com/questions/72457676/great-expectations-list-total-unique-values,Great Expectations list total unique values,1654068997.0,72465801.0,
"['pyspark', 'aws-glue', 'great-expectations']","{'account_id': 3142248, 'reputation': 115, 'user_id': 2657494, 'user_type': 'registered', 'profile_image': 'https://lh3.googleusercontent.com/-yC6sq7rEdRU/AAAAAAAAAAI/AAAAAAAAAKk/Y5OYHR4riX8/photo.jpg?sz=256', 'display_name': 'darkCoffy', 'link': 'https://stackoverflow.com/users/2657494/darkcoffy'}",True,971,1,0,1653306809,1652893054,72293200,CC BY-SA 4.0,https://stackoverflow.com/questions/72293200/great-expectations-v3-api-in-aws-glue-3-0,Great expectations v3 API in aws glue 3.0,,72348120.0,
"['python', 'data-quality', 'great-expectations']","{'account_id': 9601552, 'reputation': 191, 'user_id': 7128881, 'user_type': 'registered', 'profile_image': 'https://www.gravatar.com/avatar/e5c75a9bcd15b39bcb59c534bff7f71d?s=256&d=identicon&r=PG&f=y&so-version=2', 'display_name': 'nandevers', 'link': 'https://stackoverflow.com/users/7128881/nandevers'}",False,262,0,1,1656536109,1652473320,72235058,CC BY-SA 4.0,https://stackoverflow.com/questions/72235058/great-expectations-how-to-add-a-partition-column-partition-in-an-athena-exter,Great Expectations: How to add a partition (column partition) in an Athena External Table in a checkpoint reference in GE?,,,
"['python', 'pandas', 'apache-spark', 'databricks', 'great-expectations']","{'account_id': 8825631, 'reputation': 51, 'user_id': 6593975, 'user_type': 'registered', 'profile_image': 'https://www.gravatar.com/avatar/57746b740494dd84fea9b507c5521c27?s=256&d=identicon&r=PG&f=y&so-version=2', 'display_name': 'fullysane', 'link': 'https://stackoverflow.com/users/6593975/fullysane'}",True,678,1,4,1654104446,1652125761,72177492,CC BY-SA 4.0,https://stackoverflow.com/questions/72177492/great-expectations-conditional-expectation-in-spark-3-2-1-with-pandas-api-in-dat,Great_Expectations Conditional Expectation in Spark 3.2.1 with Pandas API in DataBricks,1652164303.0,,
"['apache-spark', 'data-quality', 'great-expectations', 'amazon-deequ']","{'account_id': 5249472, 'reputation': 651, 'user_id': 4194159, 'user_type': 'registered', 'profile_image': 'https://lh5.googleusercontent.com/-b-GItTyWazY/AAAAAAAAAAI/AAAAAAAAKIw/EPMvlxbv3RM/photo.jpg?sz=256', 'display_name': 'Valentin', 'link': 'https://stackoverflow.com/users/4194159/valentin'}",False,209,1,0,1666736036,1651656577,72110716,CC BY-SA 4.0,https://stackoverflow.com/questions/72110716/spark-compatible-data-quality-framework-for-narrow-data,Spark Compatible Data Quality Framework for Narrow Data,,,
"['pyspark', 'apache-spark-sql', 'great-expectations']","{'account_id': 4906539, 'reputation': 315, 'user_id': 4575893, 'user_type': 'registered', 'accept_rate': 56, 'profile_image': 'https://lh4.googleusercontent.com/-0vcCiW0LODQ/AAAAAAAAAAI/AAAAAAAAAB4/t0mtfUlj0aM/photo.jpg?sz=256', 'display_name': 'Akhil Nambiar', 'link': 'https://stackoverflow.com/users/4575893/akhil-nambiar'}",True,2118,1,1,1651600915,1651592959,72102071,CC BY-SA 4.0,https://stackoverflow.com/questions/72102071/using-great-expectations-for-date-validation,Using great expectations for date validation,,,
"['airflow', 'great-expectations']","{'account_id': 8709611, 'reputation': 616, 'user_id': 6516240, 'user_type': 'registered', 'accept_rate': 67, 'profile_image': 'https://lh3.googleusercontent.com/-xF2Uh_PvNOM/AAAAAAAAAAI/AAAAAAAAADk/Yj0xbysl7CY/photo.jpg?sz=256', 'display_name': 'Adil Blanco', 'link': 'https://stackoverflow.com/users/6516240/adil-blanco'}",False,802,1,1,1660893886,1650180237,71900036,CC BY-SA 4.0,https://stackoverflow.com/questions/71900036/how-to-integrate-great-expectations-into-airflow-project,How to integrate great expectations into airflow project,1650183191.0,,
"['python', 'sqlalchemy', 'amazon-redshift', 'great-expectations']","{'account_id': 15594504, 'reputation': 1268, 'user_id': 11250466, 'user_type': 'registered', 'profile_image': 'https://www.gravatar.com/avatar/173e35391375cc6f2236465d4b3a891b?s=256&d=identicon&r=PG&f=y&so-version=2', 'display_name': 'Sebastian Dengler', 'link': 'https://stackoverflow.com/users/11250466/sebastian-dengler'}",False,366,0,2,1649151467,1649145579,71748150,CC BY-SA 4.0,https://stackoverflow.com/questions/71748150/great-expectations-framework-aws-redshift-connection,Great expectations framework - AWS Redshift connection,1649151467.0,,
"['python', 'great-expectations']","{'account_id': 24492337, 'reputation': 45, 'user_id': 18409225, 'user_type': 'registered', 'profile_image': 'https://www.gravatar.com/avatar/0e8a4776334890a11867312abe7509fe?s=256&d=identicon&r=PG', 'display_name': 'Tasbeeh', 'link': 'https://stackoverflow.com/users/18409225/tasbeeh'}",True,796,1,0,1675526810,1648642486,71677030,CC BY-SA 4.0,https://stackoverflow.com/questions/71677030/great-expectation-error-when-using-save-expectations-config-function,Great expectation error when using save_expectations_config() function,1650335088.0,,
"['python', 'amazon-web-services', 'aws-lambda', 'great-expectations']","{'account_id': 1533763, 'reputation': 479, 'user_id': 1430322, 'user_type': 'registered', 'accept_rate': 54, 'profile_image': 'https://www.gravatar.com/avatar/e22eb5187a1f64668e39dc8f7b35e77e?s=256&d=identicon&r=PG', 'display_name': 'MariaMadalina', 'link': 'https://stackoverflow.com/users/1430322/mariamadalina'}",False,629,1,0,1666427812,1648580953,71667578,CC BY-SA 4.0,https://stackoverflow.com/questions/71667578/how-to-run-great-expectations-on-aws-lambda,How to run great expectations on AWS lambda,1648594846.0,,
"['python', 'csv', 'great-expectations']","{'account_id': 24492337, 'reputation': 45, 'user_id': 18409225, 'user_type': 'registered', 'profile_image': 'https://www.gravatar.com/avatar/0e8a4776334890a11867312abe7509fe?s=256&d=identicon&r=PG', 'display_name': 'Tasbeeh', 'link': 'https://stackoverflow.com/users/18409225/tasbeeh'}",True,392,2,0,1648589193,1648537274,71657732,CC BY-SA 4.0,https://stackoverflow.com/questions/71657732/csv-file-cant-be-read-using-great-expectation,CSV file can&#39;t be read using great expectation,1648589193.0,71657781.0,
"['validation', 'airflow', 'great-expectations']","{'account_id': 17875780, 'reputation': 91, 'user_id': 12985894, 'user_type': 'registered', 'profile_image': 'https://www.gravatar.com/avatar/ba65495e0ce0196cc0b145dd67aa79f1?s=256&d=identicon&r=PG&f=y&so-version=2', 'display_name': 'user929287171', 'link': 'https://stackoverflow.com/users/12985894/user929287171'}",False,58,0,1,1647719503,1647717265,71541271,CC BY-SA 4.0,https://stackoverflow.com/questions/71541271/validating-datasets-produced-by-identical-apache-airflows,Validating datasets produced by identical Apache airflows,1647719503.0,,
"['python', 'pandas', 'great-expectations']","{'account_id': 7019422, 'reputation': 1863, 'user_id': 5379479, 'user_type': 'registered', 'accept_rate': 93, 'profile_image': 'https://i.stack.imgur.com/pyxkT.jpg?s=256&g=1', 'display_name': 'Jed', 'link': 'https://stackoverflow.com/users/5379479/jed'}",True,4197,1,1,1648060355,1647472426,71505305,CC BY-SA 4.0,https://stackoverflow.com/questions/71505305/use-great-expectations-to-validate-pandas-dataframe-with-existing-suite-json,Use Great Expectations to validate pandas DataFrame with existing suite JSON,1647473332.0,71592241.0,
['great-expectations'],"{'account_id': 9215816, 'reputation': 35, 'user_id': 6847001, 'user_type': 'registered', 'profile_image': 'https://www.gravatar.com/avatar/941fddf5eb98814989720336498caf6e?s=256&d=identicon&r=PG&f=y&so-version=2', 'display_name': 'Ravi', 'link': 'https://stackoverflow.com/users/6847001/ravi'}",True,275,1,1,1676366479,1646728947,71392146,CC BY-SA 4.0,https://stackoverflow.com/questions/71392146/how-do-i-pass-multiple-csvs-with-custom-delimiter-to-a-great-expetctation-checkp,How do I pass multiple CSVs with custom delimiter to a great_expetctation checkpoint,1646729455.0,,
['great-expectations'],"{'account_id': 7537030, 'reputation': 233, 'user_id': 5722968, 'user_type': 'registered', 'profile_image': 'https://www.gravatar.com/avatar/4fcbe6bd361652bb878278c691ca559e?s=256&d=identicon&r=PG&f=y&so-version=2', 'display_name': 'Kuwali', 'link': 'https://stackoverflow.com/users/5722968/kuwali'}",True,458,1,0,1651368983,1646053686,71295489,CC BY-SA 4.0,https://stackoverflow.com/questions/71295489/mark-great-expectation-validation-as-failed-or-passed-based-on-a-percentage-of-f,Mark Great Expectation validation as failed or passed based on a percentage of failure,,,
['great-expectations'],"{'account_id': 7537030, 'reputation': 233, 'user_id': 5722968, 'user_type': 'registered', 'profile_image': 'https://www.gravatar.com/avatar/4fcbe6bd361652bb878278c691ca559e?s=256&d=identicon&r=PG&f=y&so-version=2', 'display_name': 'Kuwali', 'link': 'https://stackoverflow.com/users/5722968/kuwali'}",False,159,0,1,1646053427,1646053427,71295437,CC BY-SA 4.0,https://stackoverflow.com/questions/71295437/can-apache-great-expectation-segregate-good-and-bad-records,Can Apache Great Expectation segregate good and bad records?,,,
"['python', 'dataframe', 'validation', 'great-expectations']","{'account_id': 9156798, 'reputation': 529, 'user_id': 6809520, 'user_type': 'registered', 'profile_image': 'https://www.gravatar.com/avatar/aebcbefc9282d1a443a29e3c74998e52?s=256&d=identicon&r=PG&f=y&so-version=2', 'display_name': 'aprospero', 'link': 'https://stackoverflow.com/users/6809520/aprospero'}",False,1096,0,1,1645460205,1645460205,71209627,CC BY-SA 4.0,https://stackoverflow.com/questions/71209627/great-expectations-add-checkpoint-with-batch-spec-passthrough,great_expectations add checkpoint with batch_spec_passthrough,,,
"['python', 'sqlalchemy', 'great-expectations']","{'account_id': 1533763, 'reputation': 479, 'user_id': 1430322, 'user_type': 'registered', 'accept_rate': 54, 'profile_image': 'https://www.gravatar.com/avatar/e22eb5187a1f64668e39dc8f7b35e77e?s=256&d=identicon&r=PG', 'display_name': 'MariaMadalina', 'link': 'https://stackoverflow.com/users/1430322/mariamadalina'}",False,900,1,0,1646148128,1644541429,71074186,CC BY-SA 4.0,https://stackoverflow.com/questions/71074186/great-expectations-saving-custom-queries,Great expectations saving custom queries,1646148128.0,,
"['python-3.x', 'sqlalchemy', 'ruamel.yaml', 'great-expectations', 'snowflake-connector']","{'account_id': 20628186, 'reputation': 147, 'user_id': 15143550, 'user_type': 'registered', 'profile_image': 'https://lh6.googleusercontent.com/-BhnW6O-6NeY/AAAAAAAAAAI/AAAAAAAAAAA/AMZuucl25lI4z5f-3WXkvRpfjHSpRlbf_w/s96-c/photo.jpg?sz=256', 'display_name': 'cloud_hari', 'link': 'https://stackoverflow.com/users/15143550/cloud-hari'}",True,872,1,1,1644394084,1644303737,71029745,CC BY-SA 4.0,https://stackoverflow.com/questions/71029745/unable-to-initialize-snowflake-data-source,unable to initialize snowflake data source,1644394084.0,71045925.0,
"['azure-databricks', 'great-expectations']","{'account_id': 21113007, 'reputation': 1957, 'user_id': 15520615, 'user_type': 'registered', 'profile_image': 'https://www.gravatar.com/avatar/4e6b09956495afafc84227ea7b0cec6c?s=256&d=identicon&r=PG&f=y&so-version=2', 'display_name': 'Patterson', 'link': 'https://stackoverflow.com/users/15520615/patterson'}",False,789,1,0,1655333149,1643717408,70940345,CC BY-SA 4.0,https://stackoverflow.com/questions/70940345/how-to-save-great-expectations-html-validation-results-to-databricks-dbfs-or-azu,How to Save Great Expectations Html validation results to Databricks DBFS or Azure Blob,,,
"['python', 'google-bigquery', 'data-quality', 'great-expectations']","{'account_id': 1375094, 'reputation': 1369, 'user_id': 1309245, 'user_type': 'registered', 'accept_rate': 67, 'profile_image': 'https://www.gravatar.com/avatar/bd729c6ba7ce97636f75397a43d85044?s=256&d=identicon&r=PG', 'display_name': 'elvainch', 'link': 'https://stackoverflow.com/users/1309245/elvainch'}",True,627,1,2,1657098387,1643711634,70939067,CC BY-SA 4.0,https://stackoverflow.com/questions/70939067/test-yaml-great-expectations-with-bigquery,Test yaml great-expectations with Bigquery,,,
"['python', 'azure-functions', 'great-expectations']","{'account_id': 9230970, 'reputation': 23, 'user_id': 6857038, 'user_type': 'registered', 'profile_image': 'https://lh6.googleusercontent.com/-1Sik3NjqdHs/AAAAAAAAAAI/AAAAAAAACj0/c3e-67Oi1bk/photo.jpg?sz=256', 'display_name': 'Manasa Murugan', 'link': 'https://stackoverflow.com/users/6857038/manasa-murugan'}",False,382,1,0,1643113926,1642403015,70737598,CC BY-SA 4.0,https://stackoverflow.com/questions/70737598/how-to-execute-great-expectations-results-into-azure-functions,how to execute great expectations results into azure functions?,1642409159.0,,
"['apache-spark', 'databricks', 'great-expectations', 'databricks-community-edition']","{'account_id': 21113007, 'reputation': 1957, 'user_id': 15520615, 'user_type': 'registered', 'profile_image': 'https://www.gravatar.com/avatar/4e6b09956495afafc84227ea7b0cec6c?s=256&d=identicon&r=PG&f=y&so-version=2', 'display_name': 'Patterson', 'link': 'https://stackoverflow.com/users/15520615/patterson'}",True,689,1,3,1648806730,1639756182,70395651,CC BY-SA 4.0,https://stackoverflow.com/questions/70395651/how-to-save-great-expectations-suite-locally-on-databricks-community-edition,How to Save Great_Expectations suite locally on Databricks (Community Edition),1639763909.0,70396301.0,
"['airflow', 'great-expectations']","{'account_id': 4521664, 'reputation': 1574, 'user_id': 3674674, 'user_type': 'registered', 'accept_rate': 60, 'profile_image': 'https://www.gravatar.com/avatar/e3eefafc5705a451d0fe809b50da6088?s=256&d=identicon&r=PG&f=y&so-version=2', 'display_name': 'c__c', 'link': 'https://stackoverflow.com/users/3674674/c-c'}",False,984,0,0,1639318821,1639317983,70324280,CC BY-SA 4.0,https://stackoverflow.com/questions/70324280/datasource-object-has-no-attribute-get-batch,&#39;Datasource&#39; object has no attribute &#39;get_batch&#39;,1639318821.0,,
"['python', 'pyspark', 'great-expectations']","{'account_id': 22848850, 'reputation': 165, 'user_id': 16994790, 'user_type': 'registered', 'profile_image': 'https://www.gravatar.com/avatar/714ed49569ee45114552b71637ed1d94?s=256&d=identicon&r=PG', 'display_name': 'stackguy1723', 'link': 'https://stackoverflow.com/users/16994790/stackguy1723'}",False,426,1,0,1653295008,1638289843,70172778,CC BY-SA 4.0,https://stackoverflow.com/questions/70172778/column-names-in-great-expectations,Column names in great expectations,,,
"['airflow', 'great-expectations']","{'account_id': 3293396, 'reputation': 2517, 'user_id': 2771169, 'user_type': 'registered', 'accept_rate': 56, 'profile_image': 'https://www.gravatar.com/avatar/bc32e812691c4ae99bb1fcfc0b8a0cdc?s=256&d=identicon&r=PG&f=y&so-version=2', 'display_name': 'Jack Daniel', 'link': 'https://stackoverflow.com/users/2771169/jack-daniel'}",False,564,0,0,1638208016,1638208016,70159076,CC BY-SA 4.0,https://stackoverflow.com/questions/70159076/great-expectation-validation-failed-and-job-aborted,Great Expectation Validation Failed and Job aborted,,,
"['prefect', 'great-expectations']","{'account_id': 16296854, 'reputation': 3, 'user_id': 11768878, 'user_type': 'registered', 'profile_image': 'https://www.gravatar.com/avatar/37b3eab977924079a7135b7bd454240e?s=256&d=identicon&r=PG&f=y&so-version=2', 'display_name': 'vBob', 'link': 'https://stackoverflow.com/users/11768878/vbob'}",True,196,1,0,1638956681,1637850893,70112903,CC BY-SA 4.0,https://stackoverflow.com/questions/70112903/rungreatexpectationsvalidation-execution-returns-an-exception,RunGreatExpectationsValidation execution returns an exception,,70272851.0,
"['html', 'great-expectations']","{'account_id': 21113007, 'reputation': 1957, 'user_id': 15520615, 'user_type': 'registered', 'profile_image': 'https://www.gravatar.com/avatar/4e6b09956495afafc84227ea7b0cec6c?s=256&d=identicon&r=PG&f=y&so-version=2', 'display_name': 'Patterson', 'link': 'https://stackoverflow.com/users/15520615/patterson'}",False,136,0,0,1637254421,1637249572,70022590,CC BY-SA 4.0,https://stackoverflow.com/questions/70022590/how-to-change-the-defaults-in-great-expectations-datadoc-html-report,How to Change the defaults in Great Expectations DataDoc HTML Report?,1637254421.0,,
"['python', 'pyspark', 'great-expectations']","{'account_id': 21113007, 'reputation': 1957, 'user_id': 15520615, 'user_type': 'registered', 'profile_image': 'https://www.gravatar.com/avatar/4e6b09956495afafc84227ea7b0cec6c?s=256&d=identicon&r=PG&f=y&so-version=2', 'display_name': 'Patterson', 'link': 'https://stackoverflow.com/users/15520615/patterson'}",False,213,1,0,1637059335,1637058071,69987359,CC BY-SA 4.0,https://stackoverflow.com/questions/69987359/how-to-code-unsuccessful-failed-results-in-great-expectations,"How to code Unsuccessful, Failed results in Great_Expectations",,,
"['postgresql', 'validation', 'etl', 'great-expectations']","{'account_id': 1533763, 'reputation': 479, 'user_id': 1430322, 'user_type': 'registered', 'accept_rate': 54, 'profile_image': 'https://www.gravatar.com/avatar/e22eb5187a1f64668e39dc8f7b35e77e?s=256&d=identicon&r=PG', 'display_name': 'MariaMadalina', 'link': 'https://stackoverflow.com/users/1430322/mariamadalina'}",False,176,0,1,1637015229,1637015229,69981631,CC BY-SA 4.0,https://stackoverflow.com/questions/69981631/great-expectation-validation-results-operations,Great expectation validation results operations,,,
"['apache-spark', 'cassandra', 'great-expectations']","{'account_id': 22480728, 'reputation': 41, 'user_id': 16679842, 'user_type': 'registered', 'profile_image': 'https://lh3.googleusercontent.com/a/AATXAJxV4jLRXD8bJiYoP5mqS937tHCmNV0bu9euRZdo=k-s256', 'display_name': 'alit8', 'link': 'https://stackoverflow.com/users/16679842/alit8'}",False,108,0,1,1636888694,1636888694,69962468,CC BY-SA 4.0,https://stackoverflow.com/questions/69962468/great-expectations-data-validation-on-cassandra,great_expectations data validation on Cassandra,,,
"['apache-spark', 'pyspark', 'great-expectations']","{'account_id': 21113007, 'reputation': 1957, 'user_id': 15520615, 'user_type': 'registered', 'profile_image': 'https://www.gravatar.com/avatar/4e6b09956495afafc84227ea7b0cec6c?s=256&d=identicon&r=PG&f=y&so-version=2', 'display_name': 'Patterson', 'link': 'https://stackoverflow.com/users/15520615/patterson'}",True,641,1,2,1636645953,1636637081,69929048,CC BY-SA 4.0,https://stackoverflow.com/questions/69929048/how-to-convert-great-expectations-dataframe-to-apache-spark-dataframe,How to Convert Great Expectations DataFrame to Apache Spark DataFrame,1636638244.0,69929284.0,
"['python', 'json', 'pandas', 'jsonschema', 'great-expectations']","{'account_id': 2704121, 'reputation': 7778, 'user_id': 2334092, 'user_type': 'registered', 'accept_rate': 69, 'profile_image': 'https://i.stack.imgur.com/X0SR8.jpg?s=256&g=1', 'display_name': 'AbtPst', 'link': 'https://stackoverflow.com/users/2334092/abtpst'}",True,418,1,0,1634237693,1634234488,69575380,CC BY-SA 4.0,https://stackoverflow.com/questions/69575380/great-expectations-expect-column-values-to-match-json-schema-does-not-take-jso,great_expectations : expect_column_values_to_match_json_schema does not take json schema as input,1634237693.0,,
"['python', 'pandas', 'validation', 'great-expectations']","{'account_id': 13019324, 'reputation': 562, 'user_id': 9409330, 'user_type': 'registered', 'profile_image': 'https://lh4.googleusercontent.com/-wEGOOl6lz4M/AAAAAAAAAAI/AAAAAAAAB4Q/-9tUdpfbBzc/photo.jpg?sz=256', 'display_name': 'Valentyn', 'link': 'https://stackoverflow.com/users/9409330/valentyn'}",False,1126,1,0,1669136180,1633693176,69495245,CC BY-SA 4.0,https://stackoverflow.com/questions/69495245/how-to-create-great-expectations-checkpoint-for-pandas-dataframe,How to create Great Expectations checkpoint for Pandas dataframe?,,,
"['python', 'pandas', 'dataframe', 'join', 'great-expectations']","{'account_id': 9865686, 'reputation': 13, 'user_id': 7307237, 'user_type': 'registered', 'profile_image': 'https://lh5.googleusercontent.com/-jZ1dKU1iDAE/AAAAAAAAAAI/AAAAAAAAAFs/8IsWvO3mxao/photo.jpg?sz=256', 'display_name': 'Vivek Shukla', 'link': 'https://stackoverflow.com/users/7307237/vivek-shukla'}",True,82,1,0,1632996428,1632169283,69260363,CC BY-SA 4.0,https://stackoverflow.com/questions/69260363/there-should-be-one-and-only-one-value-in-column-b-for-every-value-in-column-a,There should be one and only one value in column B for every value in column A - Pandas,1632996428.0,69260701.0,
"['python', 'pandas', 'postgresql', 'great-expectations']","{'account_id': 239062, 'reputation': 47, 'user_id': 508391, 'user_type': 'registered', 'profile_image': 'https://www.gravatar.com/avatar/510edd6180d760a9a17d88ccf72a14ec?s=256&d=identicon&r=PG&f=y&so-version=2', 'display_name': 'Florin P.', 'link': 'https://stackoverflow.com/users/508391/florin-p'}",True,1448,1,2,1632142110,1632132193,69252549,CC BY-SA 4.0,https://stackoverflow.com/questions/69252549/using-python-great-expectations-to-remove-invalid-data,Using Python Great Expectations to remove invalid data,1632142110.0,69253085.0,
"['python-3.x', 'great-expectations']","{'account_id': 22555476, 'reputation': 1, 'user_id': 16743939, 'user_type': 'registered', 'profile_image': 'https://www.gravatar.com/avatar/3d833b7ca7bff7373956cdb914bceb59?s=256&d=identicon&r=PG&f=y&so-version=2', 'display_name': 'antsarand1', 'link': 'https://stackoverflow.com/users/16743939/antsarand1'}",False,511,1,0,1632163882,1632091771,69247628,CC BY-SA 4.0,https://stackoverflow.com/questions/69247628/an-unexpected-keyword-argument-metrics-in-pandas-for-custom-expectations-wit,An unexpected keyword argument &#39;_metrics&#39; in _pandas for custom expectations with great expectations v3 api?,,,
"['airflow', 'great-expectations']","{'account_id': 19686032, 'reputation': 647, 'user_id': 14411952, 'user_type': 'registered', 'profile_image': 'https://www.gravatar.com/avatar/f62039f41802c951df7c5e9b8c40cbac?s=256&d=identicon&r=PG&f=y&so-version=2', 'display_name': 'adan11', 'link': 'https://stackoverflow.com/users/14411952/adan11'}",True,798,1,0,1629379579,1629349138,68842251,CC BY-SA 4.0,https://stackoverflow.com/questions/68842251/airflow-great-expectations-send-evaluation-parameters-through-to-greatexpect,Airflow - Great Expectations - Send evaluation parameters through to GreatExpectationsOperator,,,
"['airflow', 'great-expectations']","{'account_id': 19686032, 'reputation': 647, 'user_id': 14411952, 'user_type': 'registered', 'profile_image': 'https://www.gravatar.com/avatar/f62039f41802c951df7c5e9b8c40cbac?s=256&d=identicon&r=PG&f=y&so-version=2', 'display_name': 'adan11', 'link': 'https://stackoverflow.com/users/14411952/adan11'}",False,587,1,1,1644003910,1629271080,68828016,CC BY-SA 4.0,https://stackoverflow.com/questions/68828016/airflow-great-expectations-getting-setting-config-variables,Airflow - Great Expectations - Getting/Setting config variables,,,
['great-expectations'],"{'account_id': 19686032, 'reputation': 647, 'user_id': 14411952, 'user_type': 'registered', 'profile_image': 'https://www.gravatar.com/avatar/f62039f41802c951df7c5e9b8c40cbac?s=256&d=identicon&r=PG&f=y&so-version=2', 'display_name': 'adan11', 'link': 'https://stackoverflow.com/users/14411952/adan11'}",True,1048,4,3,1679654859,1629105516,68800235,CC BY-SA 4.0,https://stackoverflow.com/questions/68800235/great-expectations-run-validation-over-specific-subset-of-a-postgresql-table,Great Expectations - Run Validation over specific subset of a PostgreSQL table,,,
"['python-3.x', 'apache-spark', 'azure-synapse', 'great-expectations']","{'account_id': 21113007, 'reputation': 1957, 'user_id': 15520615, 'user_type': 'registered', 'profile_image': 'https://www.gravatar.com/avatar/4e6b09956495afafc84227ea7b0cec6c?s=256&d=identicon&r=PG&f=y&so-version=2', 'display_name': 'Patterson', 'link': 'https://stackoverflow.com/users/15520615/patterson'}",True,1117,2,1,1628088031,1628070805,68649155,CC BY-SA 4.0,https://stackoverflow.com/questions/68649155/how-to-create-a-python-wheel-or-determine-what-modules-libraries-are-within-a,How to create a Python Wheel Or Determine what modules / libraries are within a Python Wheel,,,
"['apache-spark', 'azure-synapse', 'great-expectations']","{'account_id': 21113007, 'reputation': 1957, 'user_id': 15520615, 'user_type': 'registered', 'profile_image': 'https://www.gravatar.com/avatar/4e6b09956495afafc84227ea7b0cec6c?s=256&d=identicon&r=PG&f=y&so-version=2', 'display_name': 'Patterson', 'link': 'https://stackoverflow.com/users/15520615/patterson'}",False,629,1,0,1627556449,1627552141,68573722,CC BY-SA 4.0,https://stackoverflow.com/questions/68573722/how-to-locate-and-install-great-expectations-jar-file-in-azure-synapse-workspac,How to locate and install Great_Expectations .JAR file in Azure Synapse WorkSpace,1627555469.0,,
"['apache-spark', 'azure-databricks', 'great-expectations']","{'account_id': 21113007, 'reputation': 1957, 'user_id': 15520615, 'user_type': 'registered', 'profile_image': 'https://www.gravatar.com/avatar/4e6b09956495afafc84227ea7b0cec6c?s=256&d=identicon&r=PG&f=y&so-version=2', 'display_name': 'Patterson', 'link': 'https://stackoverflow.com/users/15520615/patterson'}",False,215,0,0,1626647463,1626647463,68433535,CC BY-SA 4.0,https://stackoverflow.com/questions/68433535/is-it-possible-to-change-the-great-expectations-logo-shown-in-great-expectations,Is it possible to change the Great Expectations logo shown in Great_Expectations data docs,,,
"['python', 'scrapy', 'great-expectations']","{'account_id': 15188417, 'reputation': 231, 'user_id': 10959670, 'user_type': 'registered', 'profile_image': 'https://lh4.googleusercontent.com/-Ld3AwPBqqr4/AAAAAAAAAAI/AAAAAAAAAAA/ACevoQNIwuD8xwJI1-HmoSnercbi-IcroQ/mo/photo.jpg?sz=256', 'display_name': 'Ben Muller', 'link': 'https://stackoverflow.com/users/10959670/ben-muller'}",False,248,0,1,1626590427,1626590427,68426673,CC BY-SA 4.0,https://stackoverflow.com/questions/68426673/great-expectations-and-scrapy,great_expectations and scrapy,,,
['great-expectations'],"{'account_id': 22226459, 'reputation': 1, 'user_id': 16463344, 'user_type': 'registered', 'profile_image': 'https://lh3.googleusercontent.com/a/AATXAJxLp0xR-w7IoUSYTASQMqKvSxJtKE_VdayJjyGt=k-s256', 'display_name': 'Francis Gosselin', 'link': 'https://stackoverflow.com/users/16463344/francis-gosselin'}",False,584,1,0,1626710547,1626465182,68414605,CC BY-SA 4.0,https://stackoverflow.com/questions/68414605/great-expectation-profiling-on-sparkdf-takes-a-long-time-when-there-are-many-col,Great Expectation profiling on SparkDF takes a long time when there are many columns,,,
"['python-2.7', 'apache-spark', 'great-expectations']","{'account_id': 21113007, 'reputation': 1957, 'user_id': 15520615, 'user_type': 'registered', 'profile_image': 'https://www.gravatar.com/avatar/4e6b09956495afafc84227ea7b0cec6c?s=256&d=identicon&r=PG&f=y&so-version=2', 'display_name': 'Patterson', 'link': 'https://stackoverflow.com/users/15520615/patterson'}",True,1034,1,2,1625820300,1625772369,68307596,CC BY-SA 4.0,https://stackoverflow.com/questions/68307596/how-to-save-an-great-expectation-to-azure-data-lake-or-blob-store,How to Save an Great Expectation to Azure Data Lake or Blob Store,,68313830.0,
"['apache-spark', 'pyspark', 'databricks', 'azure-databricks', 'great-expectations']","{'account_id': 21113007, 'reputation': 1957, 'user_id': 15520615, 'user_type': 'registered', 'profile_image': 'https://www.gravatar.com/avatar/4e6b09956495afafc84227ea7b0cec6c?s=256&d=identicon&r=PG&f=y&so-version=2', 'display_name': 'Patterson', 'link': 'https://stackoverflow.com/users/15520615/patterson'}",True,3145,2,3,1693118367,1623948205,68023413,CC BY-SA 4.0,https://stackoverflow.com/questions/68023413/how-to-save-great-expectations-results-to-file-from-apache-spark-with-data-doc,How to Save Great Expectations results to File From Apache Spark - With Data Docs,1656357243.0,68364259.0,
"['apache-spark', 'pyspark', 'great-expectations']","{'account_id': 21113007, 'reputation': 1957, 'user_id': 15520615, 'user_type': 'registered', 'profile_image': 'https://www.gravatar.com/avatar/4e6b09956495afafc84227ea7b0cec6c?s=256&d=identicon&r=PG&f=y&so-version=2', 'display_name': 'Patterson', 'link': 'https://stackoverflow.com/users/15520615/patterson'}",True,1722,2,2,1674246583,1623934938,68019951,CC BY-SA 4.0,https://stackoverflow.com/questions/68019951/how-to-get-great-expectations-to-work-with-spark-dataframes-in-apache-spark-valu,How to get Great_Expectations to work with Spark Dataframes in Apache Spark ValueError: Unrecognized spark type: string,,75159923.0,
"['apache-spark', 'pyspark', 'azure-synapse', 'great-expectations']","{'account_id': 21113007, 'reputation': 1957, 'user_id': 15520615, 'user_type': 'registered', 'profile_image': 'https://www.gravatar.com/avatar/4e6b09956495afafc84227ea7b0cec6c?s=256&d=identicon&r=PG&f=y&so-version=2', 'display_name': 'Patterson', 'link': 'https://stackoverflow.com/users/15520615/patterson'}",False,384,1,0,1624098861,1623786280,67992555,CC BY-SA 4.0,https://stackoverflow.com/questions/67992555/valueerror-root-directory-must-be-an-absolute-path-error-when-access-directory,ValueError: root_directory must be an absolute path: Error when access directory in ADLS from Synapse Workspace,1623850994.0,,
"['python', 'numpy', 'great-expectations']","{'account_id': 20736425, 'reputation': 63, 'user_id': 15227184, 'user_type': 'registered', 'profile_image': 'https://lh3.googleusercontent.com/a-/AOh14Ggl7KeI_iMibp9otkUvEIBZFv_vQlkpMmNWSBGd=k-s256', 'display_name': 'varsha', 'link': 'https://stackoverflow.com/users/15227184/varsha'}",True,1450,1,0,1625147236,1618829882,67160702,CC BY-SA 4.0,https://stackoverflow.com/questions/67160702/how-to-run-great-expectation-on-docker,How to run great expectation on docker,,,
"['python', 'pandas', 'dataframe', 'great-expectations']","{'account_id': 17241127, 'reputation': 5963, 'user_id': 12483346, 'user_type': 'registered', 'profile_image': 'https://www.gravatar.com/avatar/c4b84c32bf7371540723f44839b3456e?s=256&d=identicon&r=PG&f=y&so-version=2', 'display_name': 'Miguel Trejo', 'link': 'https://stackoverflow.com/users/12483346/miguel-trejo'}",True,1138,1,1,1617647608,1617647608,66957981,CC BY-SA 4.0,https://stackoverflow.com/questions/66957981/how-to-pass-a-customdataasset-to-a-datacontext-to-run-custom-expectations-on-a-b,How to pass a CustomDataAsset to a DataContext to run custom expectations on a batch?,,66957982.0,
"['python', 'great-expectations']","{'account_id': 1935325, 'reputation': 1121, 'user_id': 1743724, 'user_type': 'registered', 'profile_image': 'https://www.gravatar.com/avatar/2fdc58ae1f545b913e40b1b489893672?s=256&d=identicon&r=PG', 'display_name': 'smbanaei', 'link': 'https://stackoverflow.com/users/1743724/smbanaei'}",False,194,1,0,1616787882,1616787882,66823382,CC BY-SA 4.0,https://stackoverflow.com/questions/66823382/how-to-generate-a-new-error-report-in-great-exceptions-data-validation-tools-o,How to generate a new error report in Great Exceptions (data validation tools) or access the last one?,,,
"['python', 'great-expectations']","{'account_id': 5592924, 'reputation': 453, 'user_id': 7822853, 'user_type': 'registered', 'accept_rate': 83, 'profile_image': 'https://i.stack.imgur.com/PVse7.png?s=256&g=1', 'display_name': 'Pierre Delecto', 'link': 'https://stackoverflow.com/users/7822853/pierre-delecto'}",False,2171,1,1,1616775112,1616684092,66802085,CC BY-SA 4.0,https://stackoverflow.com/questions/66802085/how-to-import-great-expectations-custom-datasource-valueerror-no-package-specif,How to import Great Expectations custom datasource ValueError: no package specified for (required for relative module names),1616688009.0,,
"['azure-machine-learning-service', 'great-expectations']","{'account_id': 8160701, 'reputation': 509, 'user_id': 6144817, 'user_type': 'registered', 'accept_rate': 62, 'profile_image': 'https://www.gravatar.com/avatar/0e17c3ab9203a74fcb9dc89957b9a938?s=256&d=identicon&r=PG&f=y&so-version=2', 'display_name': 'Average_guy', 'link': 'https://stackoverflow.com/users/6144817/average-guy'}",True,1799,1,1,1616961515,1616603138,66785273,CC BY-SA 4.0,https://stackoverflow.com/questions/66785273/how-to-acces-output-folder-from-a-pythonscriptstep,How to acces output folder from a PythonScriptStep?,1616961515.0,66790512.0,
['great-expectations'],"{'account_id': 20957563, 'reputation': 11, 'user_id': 15397681, 'user_type': 'registered', 'profile_image': 'https://lh3.googleusercontent.com/a-/AOh14GgjPgOiJBC-0HQSXVGCFDnx1959gLBFytg2O1tr=k-s256', 'display_name': 'Mohanraj N', 'link': 'https://stackoverflow.com/users/15397681/mohanraj-n'}",False,868,1,1,1615824303,1615786140,66632806,CC BY-SA 4.0,https://stackoverflow.com/questions/66632806/unable-to-set-up-data-source-as-aws-s3-via-cli-and-test-yaml-config-in-great-exp,Unable to set up data source as aws s3 via cli and test_yaml_config in great_expections,,,
"['ruamel.yaml', 'great-expectations']","{'account_id': 17541238, 'reputation': 33, 'user_id': 12723377, 'user_type': 'registered', 'profile_image': 'https://www.gravatar.com/avatar/74bd24c6c5899e023b6b5534b5891f84?s=256&d=identicon&r=PG&f=y&so-version=2', 'display_name': 'Adamtky', 'link': 'https://stackoverflow.com/users/12723377/adamtky'}",True,697,2,0,1632517489,1614700695,66442751,CC BY-SA 4.0,https://stackoverflow.com/questions/66442751/fail-to-install-great-expectation-error-cannot-uninstall-ruamel-yaml,Fail to install great expectation. Error : Cannot uninstall &#39;ruamel-yaml&#39;,,66443006.0,
"['python-3.x', 'pandas', 'dataframe', 'great-expectations']","{'account_id': 3403594, 'reputation': 494, 'user_id': 2855226, 'user_type': 'registered', 'accept_rate': 58, 'profile_image': 'https://i.stack.imgur.com/MAPBe.jpg?s=256&g=1', 'display_name': 'Ryan Schuster', 'link': 'https://stackoverflow.com/users/2855226/ryan-schuster'}",True,1722,1,0,1614277015,1613723189,66274054,CC BY-SA 4.0,https://stackoverflow.com/questions/66274054/great-expectations-custom-expectation-not-ignoring-nulls-as-requested,Great Expectations custom expectation not ignoring nulls as requested,1613725058.0,66371463.0,
"['python', 'data-quality', 'great-expectations']","{'account_id': 15640225, 'reputation': 375, 'user_id': 11903403, 'user_type': 'registered', 'profile_image': 'https://lh4.googleusercontent.com/-3Q8WoOEly58/AAAAAAAAAAI/AAAAAAAAEec/s_1ALJAqXKw/photo.jpg?sz=256', 'display_name': 'Debapratim Chakraborty', 'link': 'https://stackoverflow.com/users/11903403/debapratim-chakraborty'}",True,2810,1,4,1618152879,1612791959,66102886,CC BY-SA 4.0,https://stackoverflow.com/questions/66102886/great-expectations-base-directory-must-be-an-absolute-path-if-root-directory-is,Great Expectations: base_directory must be an absolute path if root_directory is not provided,1618152879.0,,
['great-expectations'],"{'account_id': 5297461, 'reputation': 133, 'user_id': 4228240, 'user_type': 'registered', 'profile_image': 'https://graph.facebook.com/100002990361221/picture?type=large', 'display_name': 'Andy MGF', 'link': 'https://stackoverflow.com/users/4228240/andy-mgf'}",True,1031,1,1,1607020640,1607017430,65131262,CC BY-SA 4.0,https://stackoverflow.com/questions/65131262/using-great-expectations-with-streamed-data,Using great expectations with streamed data,,65132078.0,
"['amazon-s3', 'boto3', 'great-expectations']","{'account_id': 2643397, 'reputation': 3892, 'user_id': 2286597, 'user_type': 'registered', 'accept_rate': 73, 'profile_image': 'https://www.gravatar.com/avatar/013c320496bb12a3f08430d8d4b8e60c?s=256&d=identicon&r=PG', 'display_name': 'Philipp_Kats', 'link': 'https://stackoverflow.com/users/2286597/philipp-kats'}",True,519,2,2,1606861960,1606179364,64978753,CC BY-SA 4.0,https://stackoverflow.com/questions/64978753/passing-aws-role-to-the-application-that-uses-default-boto3-configs,Passing AWS role to the application that uses default boto3 configs,1606181803.0,65099544.0,
"['python', 'great-expectations', 'amazon-deequ']","{'account_id': 5297461, 'reputation': 133, 'user_id': 4228240, 'user_type': 'registered', 'profile_image': 'https://graph.facebook.com/100002990361221/picture?type=large', 'display_name': 'Andy MGF', 'link': 'https://stackoverflow.com/users/4228240/andy-mgf'}",True,5788,2,5,1651603184,1604652346,64711388,CC BY-SA 4.0,https://stackoverflow.com/questions/64711388/data-testing-framework-for-data-streaming-deequ-vs-great-expectations,Data testing framework for data streaming (deequ vs Great Expectations),1651603184.0,,
"['python', 'pandas', 'validation', 'pyarrow', 'great-expectations']","{'account_id': 14800790, 'reputation': 33, 'user_id': 10689095, 'user_type': 'registered', 'profile_image': 'https://lh5.googleusercontent.com/-_1Dx2lb-1HU/AAAAAAAAAAI/AAAAAAAAAAc/rXyui7YaG5I/photo.jpg?sz=256', 'display_name': 'Azaz Ahmad', 'link': 'https://stackoverflow.com/users/10689095/azaz-ahmad'}",False,2348,0,1,1604361595,1604293680,64640064,CC BY-SA 4.0,https://stackoverflow.com/questions/64640064/pyarrow-lib-arrownotimplementederror-reading-lists-of-structs-from-parquet-file,pyarrow.lib.ArrowNotImplementedError: Reading lists of structs from Parquet files not yet supported: paygw_etp_typs: list&lt;array: struct,1604361595.0,,
"['python', 'pandas', 'pyspark', 'great-expectations']","{'account_id': 1972588, 'reputation': 3990, 'user_id': 1771155, 'user_type': 'registered', 'accept_rate': 50, 'profile_image': 'https://i.stack.imgur.com/cHzDG.jpg?s=256&g=1', 'display_name': 'Vincent Claes', 'link': 'https://stackoverflow.com/users/1771155/vincent-claes'}",True,4215,2,4,1602144555,1602064504,64241588,CC BY-SA 4.0,https://stackoverflow.com/questions/64241588/how-do-you-convert-a-dataframe-to-a-great-expectations-dataset,How do you convert a dataframe to a great_expectations dataset?,1602073798.0,64241589.0,
"['python', 'sqlalchemy', 'snowflake-cloud-data-platform', 'great-expectations']","{'account_id': 10721998, 'reputation': 484, 'user_id': 7890808, 'user_type': 'registered', 'profile_image': 'https://www.gravatar.com/avatar/82199fd3271c85f13149f71eb00a7a10?s=256&d=identicon&r=PG&f=y&so-version=2', 'display_name': 'RadRuss', 'link': 'https://stackoverflow.com/users/7890808/radruss'}",True,825,2,0,1607551171,1599734244,63827898,CC BY-SA 4.0,https://stackoverflow.com/questions/63827898/great-expectations-sqlalchemy-doesnt-enclose-lowercase-column-names,Great Expectations SQLAlchemy doesn&#39;t enclose lowercase column names,1599818521.0,65225541.0,
"['python', 'pandas', 'validation', 'great-expectations']","{'account_id': 2764688, 'reputation': 16402, 'user_id': 4212158, 'user_type': 'registered', 'accept_rate': 67, 'profile_image': 'https://i.stack.imgur.com/iJfmN.png?s=256&g=1', 'display_name': 'crypdick', 'link': 'https://stackoverflow.com/users/4212158/crypdick'}",True,4839,1,1,1597778690,1597778690,63475385,CC BY-SA 4.0,https://stackoverflow.com/questions/63475385/how-to-run-great-expectations-expectations-on-multiple-columns,How to run Great Expectations expectations on multiple columns?,,63475386.0,
"['json', 'python-3.x', 'pandas', 'great-expectations']","{'account_id': 17204519, 'reputation': 21, 'user_id': 12455382, 'user_type': 'registered', 'profile_image': 'https://www.gravatar.com/avatar/0e25227513537e42a4d29459366f38f3?s=256&d=identicon&r=PG&f=y&so-version=2', 'display_name': 'Vineet', 'link': 'https://stackoverflow.com/users/12455382/vineet'}",True,149,1,0,1588167597,1584431112,60718162,CC BY-SA 4.0,https://stackoverflow.com/questions/60718162/typeerror-ufunc-add-did-not-contain-a-loop-with-signature-matching-types-dtyp,TypeError: ufunc &#39;add&#39; did not contain a loop with signature matching types dtype(&#39;&lt;U57&#39;) dtype(&#39;&lt;U57&#39;) dtype(&#39;&lt;U57&#39;),1584432824.0,,
"['python', 'pandas', 'great-expectations']","{'account_id': 11560074, 'reputation': 58, 'user_id': 8470031, 'user_type': 'registered', 'profile_image': 'https://i.stack.imgur.com/8bZSA.png?s=256&g=1', 'display_name': 'Manu', 'link': 'https://stackoverflow.com/users/8470031/manu'}",True,973,1,3,1588288353,1579168201,59766843,CC BY-SA 4.0,https://stackoverflow.com/questions/59766843/use-a-pickled-pandas-dataframe-as-a-data-asset-in-great-expectations,Use a pickled pandas dataframe as a data asset in great_expectations,1579250463.0,59774603.0,
"['python', 'pandas', 'validation', 'types', 'great-expectations']","{'account_id': 995724, 'reputation': 45098, 'user_id': 1011724, 'user_type': 'registered', 'accept_rate': 99, 'profile_image': 'https://i.stack.imgur.com/2JAXi.jpg?s=256&g=1', 'display_name': 'Dan', 'link': 'https://stackoverflow.com/users/1011724/dan'}",True,6236,4,6,1564589054,1540992581,53084550,CC BY-SA 4.0,https://stackoverflow.com/questions/53084550/great-expectations-expect-column-to-contain-only-integers-fails-for-all-rows-whe,Great Expectations expect column to contain only integers fails for all rows when only one is bad,1564589054.0,53119774.0,
